CatalogID,SMILES,canonical,scaffold,valid,anchor,combined_percentile,ligand21_erg_score,AF7_exact_erg_score,AE10_dense_erg_score,Y34_onehit_erg_score,AG22_two_series_erg_score,AD50_two_series_erg_score,O50_three_series_erg_score
Z806281072,N#Cc1cccnc1NCCNC(=O)c1ccnc(-n2cncn2)c1,N#Cc1cccnc1NCCNC(=O)c1ccnc(-n2cncn2)c1,O=C(NCCNc1ccccn1)c1ccnc(-n2cncn2)c1,True,ligand21,0.9999959,0.8227247,0.5837598,0.663668,0.6474494,0.6363739,0.6403158,0.73969704
Z225654190,Cn1ncc2c(=O)n(CCC(=O)Nc3nc(-c4ccc[nH]4)cs3)cnc21,Cn1ncc2c(=O)n(CCC(=O)Nc3nc(-c4ccc[nH]4)cs3)cnc21,O=C(CCn1cnc2[nH]ncc2c1=O)Nc1nc(-c2ccc[nH]2)cs1,True,ligand21,0.9999877,0.80144715,0.66278684,0.6832009,0.70726043,0.71212363,0.64471465,0.65037
Z3325175362,Cc1nc2ccccc2c(=O)n1-c1ccc(C(=O)Nc2ccn(C)c(=O)n2)cc1,Cc1nc2ccccc2c(=O)n1-c1ccc(C(=O)Nc2ccn(C)c(=O)n2)cc1,O=C(Nc1cc[nH]c(=O)n1)c1ccc(-n2cnc3ccccc3c2=O)cc1,True,ligand21,0.9999836,0.80087054,0.7290746,0.7216459,0.72947204,0.69148386,0.7502438,0.7162291
Z1273023636,NS(=O)(=O)c1cccc(NC(=O)Cn2cnc3c(-c4ccccc4)nsc3c2=O)c1,NS(=O)(=O)c1cccc(NC(=O)Cn2cnc3c(-c4ccccc4)nsc3c2=O)c1,O=C(Cn1cnc2c(-c3ccccc3)nsc2c1=O)Nc1ccccc1,True,ligand21,0.99997956,0.796197,0.73090416,0.7394482,0.7407538,0.71137893,0.7263537,0.68816113
Z1937481009,O=C(Nc1ccc(F)c(-c2nc[nH]n2)c1)c1ccnc(-n2cncn2)c1,O=C(Nc1ccc(F)c(-c2nc[nH]n2)c1)c1ccnc(-n2cncn2)c1,O=C(Nc1cccc(-c2nc[nH]n2)c1)c1ccnc(-n2cncn2)c1,True,ligand21,0.99997544,0.7944503,0.6578092,0.6863836,0.6877533,0.6785439,0.6644508,0.6929393
Z806467078,Cc1nc(-c2cccc(NC(=O)c3ccnc(-n4cncn4)c3)c2)n[nH]1,Cc1nc(-c2cccc(NC(=O)c3ccnc(-n4cncn4)c3)c2)n[nH]1,O=C(Nc1cccc(-c2nc[nH]n2)c1)c1ccnc(-n2cncn2)c1,True,ligand21,0.99997133,0.7944503,0.6578092,0.6863836,0.6877533,0.6785439,0.6644508,0.6929393
Z86108415,O=C(COC(=O)c1n[nH]c(=O)c2ccccc12)Nc1ccc2c(c1)OCCO2,O=C(COC(=O)c1n[nH]c(=O)c2ccccc12)Nc1ccc2c(c1)OCCO2,O=C(COC(=O)c1n[nH]c(=O)c2ccccc12)Nc1ccc2c(c1)OCCO2,True,ligand21,0.9999673,0.79404545,0.6688601,0.67739177,0.7142583,0.68674564,0.69023883,0.69394374
Z18026411,O=C(Cc1n[nH]c(=O)c2ccccc12)OCc1nnc(-c2ccco2)o1,O=C(Cc1n[nH]c(=O)c2ccccc12)OCc1nnc(-c2ccco2)o1,O=C(Cc1n[nH]c(=O)c2ccccc12)OCc1nnc(-c2ccco2)o1,True,ligand21,0.99995905,0.7850423,0.7297582,0.678957,0.70350456,0.7003633,0.7601365,0.72513986
Z86317416,N#Cc1c(CCCNc2ncnc3scc(-c4ccc(F)cc4)c23)n[nH]c1N,N#Cc1c(CCCNc2ncnc3scc(-c4ccc(F)cc4)c23)n[nH]c1N,c1ccc(-c2csc3ncnc(NCCCc4cc[nH]n4)c23)cc1,True,ligand21,0.9999509,0.78275,0.5707078,0.70834804,0.69461584,0.6816684,0.69162184,0.6610342
Z2852692274,CC1CCc2c(sc3ncnc(N4CCc5ncncc5C4)c23)C1,CC1CCc2c(sc3ncnc(N4CCc5ncncc5C4)c23)C1,c1ncc2c(n1)CCN(c1ncnc3sc4c(c13)CCCC4)C2,True,AF7_exact,0.99997133,0.5211184,0.9197329,0.73622954,0.67414254,0.8459295,0.8584081,0.7571982
Z1652286788,O=c1[nH]cnc2c1CCN(c1ncnc3sc4c(c13)CCCC4)C2,O=c1[nH]cnc2c1CCN(c1ncnc3sc4c(c13)CCCC4)C2,O=c1[nH]cnc2c1CCN(c1ncnc3sc4c(c13)CCCC4)C2,True,AF7_exact,0.99996316,0.57925284,0.8837509,0.7564813,0.7687521,0.8198696,0.7927449,0.7729919
Z225063478,COc1cccc(-n2c(SC3CCCCNC3=O)nc3sc4c(c3c2=O)CCC4)c1,COc1cccc(-n2c(SC3CCCCNC3=O)nc3sc4c(c3c2=O)CCC4)c1,O=C1NCCCCC1Sc1nc2sc3c(c2c(=O)n1-c1ccccc1)CCC3,True,AF7_exact,0.999955,0.52870464,0.8823458,0.7292247,0.61456954,0.798027,0.7249578,0.70199203
Z1627312273,COc1ccc(C)c2c1N(S(=O)(=O)c1cn3c(n1)CCCC3)CCC2,COc1ccc(C)c2c1N(S(=O)(=O)c1cn3c(n1)CCCC3)CCC2,O=S(=O)(c1cn2c(n1)CCCC2)N1CCCc2ccccc21,True,AF7_exact,0.9999509,0.49153584,0.8782564,0.7540047,0.6195374,0.86890715,0.8523402,0.81803805
Z4066528914,CCc1cc(CSc2nc3nn(-c4ccccc4)c(=O)c-3c3n2CCCCC3)on1,CCc1cc(CSc2nc3nn(-c4ccccc4)c(=O)c-3c3n2CCCCC3)on1,O=c1c2c3n(c(SCc4ccno4)nc-2nn1-c1ccccc1)CCCCC3,True,AF7_exact,0.9999468,0.6159767,0.8782428,0.68980885,0.71468395,0.8037752,0.81043506,0.7528549
Z997820164,COc1ccc2c(c1)CCN2S(=O)(=O)c1cnc2c(c1)c(C)nn2C,COc1ccc2c(c1)CCN2S(=O)(=O)c1cnc2c(c1)c(C)nn2C,O=S(=O)(c1cnc2[nH]ncc2c1)N1CCc2ccccc21,True,AF7_exact,0.9999386,0.5796827,0.87304497,0.76430273,0.6811086,0.8278132,0.8345423,0.7641171
Z138174226,N#CCn1c(CN2CCc3ccccc32)nc2ccccc2c1=O,N#CCn1c(CN2CCc3ccccc32)nc2ccccc2c1=O,O=c1[nH]c(CN2CCc3ccccc32)nc2ccccc12,True,AF7_exact,0.99991816,0.47858202,0.8729483,0.7609681,0.6275088,0.88719416,0.9006659,0.84257644
Z4105195143,CCn1nc2c(c1C(=O)N1Cc3ccccc3CO1)C[C@H](C)O[C@@H]2C,CCn1nc2c(c1C(=O)N1Cc3ccccc3CO1)CC(C)OC2C,O=C(c1[nH]nc2c1CCOC2)N1Cc2ccccc2CO1,True,AF7_exact,0.9999018,0.48343146,0.86860204,0.7544998,0.62292284,0.85391355,0.84776485,0.81931484
Z1688270013,CCOC1CC(Nc2nc(-c3ccncc3)nc3ccccc23)C1OC,CCOC1CC(Nc2nc(-c3ccncc3)nc3ccccc23)C1OC,c1ccc2c(NC3CCC3)nc(-c3ccncc3)nc2c1,True,AE10_dense,0.9999509,0.5685456,0.80964553,0.92190325,0.78764737,0.8004231,0.83959484,0.83211744
Z1084000504,c1cc(-c2nc3c(c(N4CCCC(c5ncc[nH]5)C4)n2)CCC3)ccn1,c1cc(-c2nc3c(c(N4CCCC(c5ncc[nH]5)C4)n2)CCC3)ccn1,c1cc(-c2nc3c(c(N4CCCC(c5ncc[nH]5)C4)n2)CCC3)ccn1,True,AE10_dense,0.9999386,0.5880156,0.854138,0.91490686,0.6485503,0.81344783,0.75137043,0.75875795
Z4661325930,c1ccc(-c2nc(NCCc3nccs3)c3ccsc3n2)nc1,c1ccc(-c2nc(NCCc3nccs3)c3ccsc3n2)nc1,c1ccc(-c2nc(NCCc3nccs3)c3ccsc3n2)nc1,True,AE10_dense,0.99993044,0.5959921,0.7887281,0.90488124,0.82801807,0.86908007,0.8360635,0.8924584
Z3393755877,CON(C)C1CN(c2ncnc3c(-c4ccccc4)nsc23)C1,CON(C)C1CN(c2ncnc3c(-c4ccccc4)nsc23)C1,c1ccc(-c2nsc3c(N4CCC4)ncnc23)cc1,True,AE10_dense,0.9999222,0.510072,0.7564068,0.8976595,0.5785165,0.84940815,0.78702927,0.8150716
Z2699319496,O=S1(=O)CCCC1CNc1nc(-c2ccccn2)nc2sccc12,O=S1(=O)CCCC1CNc1nc(-c2ccccn2)nc2sccc12,O=S1(=O)CCCC1CNc1nc(-c2ccccn2)nc2sccc12,True,AE10_dense,0.9998854,0.59515226,0.7741419,0.88532376,0.7554645,0.7701367,0.82878,0.7878024
Z1840409391,COc1ccccc1-c1nc(C2CCN(c3cnccn3)CC2)no1,COc1ccccc1-c1nc(C2CCN(c3cnccn3)CC2)no1,c1ccc(-c2nc(C3CCN(c4cnccn4)CC3)no2)cc1,True,AE10_dense,0.9998813,0.5060351,0.7063533,0.88186073,0.533476,0.84372675,0.79437065,0.7868734
Z1757594874,COc1ccccc1-c1noc([C@H]2OCC[C@H]2Cn2ccnc2)n1,COc1ccccc1-c1noc(C2OCCC2Cn2ccnc2)n1,c1ccc(-c2noc(C3OCCC3Cn3ccnc3)n2)cc1,True,AE10_dense,0.99986905,0.5257753,0.7227778,0.8774982,0.55703557,0.82889724,0.8284498,0.861482
Z1900931181,Cc1ccnc(-c2n[nH]c(C(C)Nc3ncnc4sc5c(c34)CCCC5)n2)c1,Cc1ccnc(-c2n[nH]c(C(C)Nc3ncnc4sc5c(c34)CCCC5)n2)c1,c1ccc(-c2n[nH]c(CNc3ncnc4sc5c(c34)CCCC5)n2)nc1,True,Y34_onehit,0.99997956,0.6458585,0.76765305,0.7320047,0.88621503,0.8265804,0.7166641,0.80309814
Z220325782,CN(C)C(CNc1ncnc2c1cnn2-c1ccc(F)cc1)c1cccs1,CN(C)C(CNc1ncnc2c1cnn2-c1ccc(F)cc1)c1cccs1,c1ccc(-n2ncc3c(NCCc4cccs4)ncnc32)cc1,True,Y34_onehit,0.99997133,0.5972855,0.72555876,0.76840526,0.88492084,0.76300037,0.78659695,0.7955677
Z220417970,COc1cccc(C(CNc2ncnc3c2cnn3-c2ccccc2)N(C)C)c1,COc1cccc(C(CNc2ncnc3c2cnn3-c2ccccc2)N(C)C)c1,c1ccc(CCNc2ncnc3c2cnn3-c2ccccc2)cc1,True,Y34_onehit,0.9999468,0.6637864,0.6947179,0.7200793,0.8755553,0.73452497,0.7696501,0.77027386
Z1220622291,Cc1nn(C)cc1C(C)Nc1nc(-c2ccccn2)nc2c1CCC2,Cc1nn(C)cc1C(C)Nc1nc(-c2ccccn2)nc2c1CCC2,c1ccc(-c2nc3c(c(NCc4cn[nH]c4)n2)CCC3)nc1,True,Y34_onehit,0.9999427,0.6558964,0.75545156,0.8734396,0.8701315,0.8586676,0.83870256,0.88612485
Z4522166521,Brc1cncc(-c2nccc(NCC3COc4ccccc4O3)n2)c1,Brc1cncc(-c2nccc(NCC3COc4ccccc4O3)n2)c1,c1cncc(-c2nccc(NCC3COc4ccccc4O3)n2)c1,True,Y34_onehit,0.9999386,0.671111,0.7560369,0.84019643,0.8696773,0.83317244,0.82718146,0.8600763
Z1220621848,c1ccc(-c2nc3c(c(NCc4cn5c(n4)CCCC5)n2)CCC3)nc1,c1ccc(-c2nc3c(c(NCc4cn5c(n4)CCCC5)n2)CCC3)nc1,c1ccc(-c2nc3c(c(NCc4cn5c(n4)CCCC5)n2)CCC3)nc1,True,Y34_onehit,0.99993044,0.63791364,0.7398639,0.7857865,0.8684665,0.8091183,0.7776766,0.850134
Z1002245692,Cc1noc(CCNc2nc(CN(C)C)nc3scc(-c4ccccc4)c23)n1,Cc1noc(CCNc2nc(CN(C)C)nc3scc(-c4ccccc4)c23)n1,c1ccc(-c2csc3ncnc(NCCc4ncno4)c23)cc1,True,Y34_onehit,0.9999263,0.60075945,0.6892245,0.74232745,0.86473584,0.74141467,0.76744413,0.76640797
Z224191960,CCOc1ccccc1-c1noc(CN2c3ccccc3CC2C)n1,CCOc1ccccc1-c1noc(CN2c3ccccc3CC2C)n1,c1ccc(-c2noc(CN3CCc4ccccc43)n2)cc1,True,AG22_two_series,0.9999468,0.44700933,0.72704446,0.7639083,0.5105407,0.9519652,0.8372082,0.8988569
Z285907408,COc1ccc(OC)c(CNc2ncnc3ccsc23)c1,COc1ccc(OC)c(CNc2ncnc3ccsc23)c1,c1ccc(CNc2ncnc3ccsc23)cc1,True,AG22_two_series,0.9999427,0.51149577,0.6474275,0.8197876,0.6892092,0.95032966,0.91306263,0.929646
Z1199269224,Cc1noc(C)c1C(C)Nc1ncnc2sc(C)c(C)c12,Cc1noc(C)c1C(C)Nc1ncnc2sc(C)c(C)c12,c1nc(NCc2cnoc2)c2ccsc2n1,True,AG22_two_series,0.9999059,0.39908594,0.58934844,0.80436665,0.57494,0.9460467,0.936239,0.9029617
Z2613575413,Cc1sc2ncnc(N[C@H](C)c3cncc(F)c3)c2c1C,Cc1sc2ncnc(NC(C)c3cncc(F)c3)c2c1C,c1cncc(CNc2ncnc3sccc23)c1,True,AG22_two_series,0.9999263,0.39908594,0.58934844,0.80436665,0.57494,0.9460467,0.936239,0.9029617
Z1890913645,Cc1cc(-c2noc(-c3cccc(=O)n3C)n2)nc2ccccc12,Cc1cc(-c2noc(-c3cccc(=O)n3C)n2)nc2ccccc12,O=c1cccc(-c2nc(-c3ccc4ccccc4n3)no2)[nH]1,True,AG22_two_series,0.9999018,0.5460191,0.8380854,0.7919303,0.6235613,0.94579864,0.9361286,0.8886163
Z2068371700,Cn1c(-c2nc(-c3ccccn3)no2)cc2ccccc2c1=O,Cn1c(-c2nc(-c3ccccn3)no2)cc2ccccc2c1=O,O=c1[nH]c(-c2nc(-c3ccccn3)no2)cc2ccccc12,True,AG22_two_series,0.9998772,0.52801436,0.8458321,0.7728585,0.6311485,0.9390223,0.9081509,0.86156166
Z2160272169,Cc1ccc2c(c1)CCC(c1nc(-c3cccnc3C)no1)O2,Cc1ccc2c(c1)CCC(c1nc(-c3cccnc3C)no1)O2,c1cncc(-c2noc(C3CCc4ccccc4O3)n2)c1,True,AG22_two_series,0.99984854,0.44401,0.7388261,0.7618221,0.51826316,0.92947316,0.82887304,0.8903363
Z52584737,O=S1(=O)CCC(Nc2ncnc3sc4c(c23)CCCCC4)C1,O=S1(=O)CCC(Nc2ncnc3sc4c(c23)CCCCC4)C1,O=S1(=O)CCC(Nc2ncnc3sc4c(c23)CCCCC4)C1,True,AD50_two_series,1.0,0.45500728,0.7355746,0.81244814,0.6325935,0.7181511,0.9702159,0.74104434
Z1137609479,Cc1csc(N2CCN(Cc3nc(-c4ccoc4)no3)CC2)n1,Cc1csc(N2CCN(Cc3nc(-c4ccoc4)no3)CC2)n1,c1csc(N2CCN(Cc3nc(-c4ccoc4)no3)CC2)n1,True,AD50_two_series,0.99997544,0.5516407,0.6717442,0.75490487,0.63909733,0.73157835,0.9699342,0.9673948
Z52584620,Cc1ccc(-c2csc3ncnc(NC4CCS(=O)(=O)C4)c23)cc1,Cc1ccc(-c2csc3ncnc(NC4CCS(=O)(=O)C4)c23)cc1,O=S1(=O)CCC(Nc2ncnc3scc(-c4ccccc4)c23)C1,True,AD50_two_series,0.99996316,0.4556987,0.67726153,0.83379304,0.6290588,0.7074168,0.96966815,0.75027287
Z1526844146,CCc1nc(NCc2cscn2)c2ccsc2n1,CCc1nc(NCc2cscn2)c2ccsc2n1,c1nc(NCc2cscn2)c2ccsc2n1,True,AD50_two_series,0.9999509,0.3832266,0.61566985,0.8167326,0.5830146,0.8898356,0.96844715,0.84580123
Z2214013970,Brc1ccnc(CNc2ncnc3c2CCCC3)c1,Brc1ccnc(CNc2ncnc3c2CCCC3)c1,c1ccc(CNc2ncnc3c2CCCC3)nc1,True,AD50_two_series,0.9999427,0.3832266,0.61566985,0.8167326,0.5830146,0.8898356,0.96844715,0.84580123
Z2974834485,CCc1cc2c(NCc3cc(C(F)F)on3)nc(C)nc2s1,CCc1cc2c(NCc3cc(C(F)F)on3)nc(C)nc2s1,c1nc(NCc2ccon2)c2ccsc2n1,True,AD50_two_series,0.99993044,0.3832266,0.61566985,0.8167326,0.5830146,0.8898356,0.96844715,0.84580123
Z196119500,COC(=O)c1ccc(CNc2ncnc3ccsc23)cc1,COC(=O)c1ccc(CNc2ncnc3ccsc23)cc1,c1ccc(CNc2ncnc3ccsc23)cc1,True,O50_three_series,0.99997956,0.5379114,0.588596,0.72369844,0.6082085,0.8625419,0.83196115,0.9888413
Z1896751580,Cc1nc2c(c(NCc3ccc(S(N)(=O)=O)c(C)c3)n1)CCCC2,Cc1nc2c(c(NCc3ccc(S(N)(=O)=O)c(C)c3)n1)CCCC2,c1ccc(CNc2ncnc3c2CCCC3)cc1,True,O50_three_series,0.9999427,0.5694784,0.56571376,0.70756507,0.63290715,0.9277298,0.89282864,0.97768253
Z2066136891,CNS(=O)(=O)c1cccc(CNc2ncnc3scc(C)c23)c1,CNS(=O)(=O)c1cccc(CNc2ncnc3scc(C)c23)c1,c1ccc(CNc2ncnc3sccc23)cc1,True,O50_three_series,0.9999345,0.5694784,0.56571376,0.70756507,0.63290715,0.9277298,0.89282864,0.97768253
Z195942622,CC1Cc2cc(S(N)(=O)=O)ccc2N1Cc1nc(-c2cccs2)no1,CC1Cc2cc(S(N)(=O)=O)ccc2N1Cc1nc(-c2cccs2)no1,c1csc(-c2noc(CN3CCc4ccccc43)n2)c1,True,O50_three_series,0.9998608,0.6069006,0.73067904,0.72200257,0.6094512,0.8141775,0.7671847,0.96287274
Z196159730,CNS(=O)(=O)Cc1ccccc1CNc1ncnc2sccc12,CNS(=O)(=O)Cc1ccccc1CNc1ncnc2sccc12,c1ccc(CNc2ncnc3sccc23)cc1,True,O50_three_series,0.9997749,0.5592687,0.592172,0.7021779,0.6365935,0.9008194,0.8776922,0.9462072
Z1139233266,Cc1ncc2c(n1)CN(Cc1nc(-c3ccoc3)no1)CC2,Cc1ncc2c(n1)CN(Cc1nc(-c3ccoc3)no1)CC2,c1ncc2c(n1)CN(Cc1nc(-c3ccoc3)no1)CC2,True,O50_three_series,0.9997626,0.63464326,0.71670663,0.7874027,0.77399695,0.7562871,0.94417846,0.94519734
