library,rows,target_reads,median_target_reads,strict_positive_rows,singletons,with_inhibitor_observed,ntc_observed,positive_fraction
qDOS11,819489,858701,1.0,534,789349,3913,684,0.0006516255861884662
qDOS14,80383,87346,1.0,112,73736,76,29,0.0013933294353283654
qDOS18_3,2840308,2976068,1.0,7893,2727008,9955,1523,0.0027789239758505063
qDOS19_1,73828,81713,1.0,1030,67147,43,106,0.013951346372649944
qDOS19_2,91473,101053,1.0,1238,83457,172,91,0.013534048298404993
qDOS23,454404,497351,1.0,4066,430633,5178,1559,0.008947984612811507
qDOS24,55649,61571,1.0,401,50422,15,3,0.007205879710327229
qDOS30,1726982,1879813,1.0,8139,1672930,2639,416,0.0047128458779535625
qDOS42_2,982716,1030955,1.0,3042,955870,3127,149,0.003095502668115712
qDOS9,362337,362859,1.0,11,361866,35,71,0.000030358478433060936
