CatalogID,canonical,scaffold,SMILES,exact_R03_G_score,R03_known_ligand_signal,R03_known_ligand_ECFP_max,frozen_DEL_G_component
Z220610752,CCN(Cc1cccnc1)Cc1nc2ccccc2c(=O)[nH]1,O=c1[nH]c(CNCc2cccnc2)nc2ccccc12,CCN(Cc1cccnc1)Cc1nc2ccccc2c(=O)[nH]1,0.31536495,0.2978884,0.27160493,0.64741964
Z30378322,CCN(Cc1nc2cc(OC)c(OC)cc2c(=O)[nH]1)C(C)=O,O=c1[nH]cnc2ccccc12,CCN(Cc1nc2cc(OC)c(OC)cc2c(=O)[nH]1)C(C)=O,0.29072342,0.27578238,0.24705882,0.5746032
Z108823776,COc1ccc(-c2noc(CCC(=O)NC3CC3)n2)cc1OC,O=C(CCc1nc(-c2ccccc2)no1)NC1CC1,COc1ccc(-c2noc(CCC(=O)NC3CC3)n2)cc1OC,0.28897435,0.30113634,0.26136363,0.057896552
Z1666348799,COc1cc(C#N)ccc1CNC1(C(N)=O)CC1,c1ccc(CNC2CC2)cc1,COc1cc(C#N)ccc1CNC1(C(N)=O)CC1,0.28868227,0.29700461,0.26190478,0.13055782
Z219107812,COc1ccc(CNc2ccc(C#N)cn2)cc1,c1ccc(CNc2ccccn2)cc1,COc1ccc(CNc2ccc(C#N)cn2)cc1,0.28827563,0.29279763,0.25,0.20235776
Z223943672,COc1ccc(NC(=O)CCc2nc(-c3ccncc3)no2)cc1OC,O=C(CCc1nc(-c2ccncc2)no1)Nc1ccccc1,COc1ccc(NC(=O)CCc2nc(-c3ccncc3)no2)cc1OC,0.28813882,0.29814029,0.26966292,0.098111391
Z28493817,CCCCN(Cc1nc2ccccc2c(=O)[nH]1)C(=O)c1ccncc1,O=C(NCc1nc2ccccc2c(=O)[nH]1)c1ccncc1,CCCCN(Cc1nc2ccccc2c(=O)[nH]1)C(=O)c1ccncc1,0.28781102,0.27251849,0.24418604,0.57836902
Z18298625,CC(Oc1ccc(-c2ccc(C#N)cc2)cc1)C(N)=O,c1ccc(-c2ccccc2)cc1,CC(Oc1ccc(-c2ccc(C#N)cc2)cc1)C(N)=O,0.28781008,0.28852248,0.24675325,0.27427479
Z1869918037,COc1ccc(-c2cncc(C(=O)NCC(C(=O)O)c3ccccc3)c2)cc1,O=C(NCCc1ccccc1)c1cncc(-c2ccccc2)c1,COc1ccc(-c2cncc(C(=O)NCC(C(=O)O)c3ccccc3)c2)cc1,0.28773537,0.29828602,0.27586207,0.087273133
Z967655350,O=c1[nH]c(Cc2cccnc2)nc2ccc(-c3ccccc3)cc12,O=c1[nH]c(Cc2cccnc2)nc2ccc(-c3ccccc3)cc12,O=c1[nH]c(Cc2cccnc2)nc2ccc(-c3ccccc3)cc12,0.28741002,0.28134084,0.24691358,0.40272466
Z211111592,CN(Cc1nc2ccccc2c(=O)[nH]1)Cc1cc(C#N)ccc1F,O=c1[nH]c(CNCc2ccccc2)nc2ccccc12,CN(Cc1nc2ccccc2c(=O)[nH]1)Cc1cc(C#N)ccc1F,0.2872862,0.26402426,0.24418604,0.72926299
Z1033466948,O=C(NCc1cccnc1)NCc1nc(-c2ccccc2)n[nH]1,O=C(NCc1cccnc1)NCc1nc(-c2ccccc2)n[nH]1,O=C(NCc1cccnc1)NCc1nc(-c2ccccc2)n[nH]1,0.2872771,0.29565477,0.27500001,0.12810175
Z1980915386,COc1cc(OC)c2ncc(C#N)c(N(C)CC(=O)NC3CC3)c2c1,O=C(CNc1ccnc2ccccc12)NC1CC1,COc1cc(OC)c2ncc(C#N)c(N(C)CC(=O)NC3CC3)c2c1,0.28723939,0.29146421,0.25806451,0.20696803
Z4444622023,N#Cc1cccc(NC(=O)Cc2cncc3ccccc23)c1,O=C(Cc1cncc2ccccc12)Nc1ccccc1,N#Cc1cccc(NC(=O)Cc2cncc3ccccc23)c1,0.28710109,0.28077132,0.25581396,0.40736677
Z94570069,CN(CCc1ccccc1)Cc1nc2ccccc2c(=O)[nH]1,O=c1[nH]c(CNCCc2ccccc2)nc2ccccc12,CN(CCc1ccccc1)Cc1nc2ccccc2c(=O)[nH]1,0.28684001,0.27323103,0.24358974,0.54541089
Z637723722,CCn1c(-c2ccc(OCC(=O)NC)c(OC)c2)nc2cc(F)ccc21,c1ccc(-c2nc3ccccc3[nH]2)cc1,CCn1c(-c2ccc(OCC(=O)NC)c(OC)c2)nc2cc(F)ccc21,0.28668774,0.30027989,0.27173913,0.028436911
Z44496786,COc1cc2nc(CNc3ccc(C)cc3)[nH]c(=O)c2cc1OC,O=c1[nH]c(CNc2ccccc2)nc2ccccc12,COc1cc2nc(CNc3ccc(C)cc3)[nH]c(=O)c2cc1OC,0.28655264,0.28166473,0.24705882,0.37942288
Z44461048,COc1cc2nc(CN(C)CC(=O)Nc3ccc(F)cc3)[nH]c(=O)c2cc1OC,O=C(CNCc1nc2ccccc2c(=O)[nH]1)Nc1ccccc1,COc1cc2nc(CN(C)CC(=O)Nc3ccc(F)cc3)[nH]c(=O)c2cc1OC,0.2863656,0.28640932,0.27173913,0.28553498
Z1983648467,COc1cncc(S(=O)(=O)NC(CC(C)C)C(=O)O)c1,c1ccncc1,COc1cncc(S(=O)(=O)N[C@@H](CC(C)C)C(=O)O)c1,0.2863446,0.28272447,0.25,0.35512717
Z1038163744,COC(CNC(=O)CNc1ccc(C#N)cc1)c1ccccc1,O=C(CNc1ccccc1)NCCc1ccccc1,COC(CNC(=O)CNc1ccc(C#N)cc1)c1ccccc1,0.28632382,0.28395277,0.25882354,0.33137381
Z46314375,CCNC(=O)CN(CC)Cc1nc2cc(OC)c(OC)cc2c(=O)[nH]1,O=c1[nH]cnc2ccccc12,CCNC(=O)CN(CC)Cc1nc2cc(OC)c(OC)cc2c(=O)[nH]1,0.28609197,0.28415996,0.25842696,0.32280011
Z51312157,COc1ccc(SCC(=O)Nc2cccc(C#N)c2)cc1,O=C(CSc1ccccc1)Nc1ccccc1,COc1ccc(SCC(=O)Nc2cccc(C#N)c2)cc1,0.2859828,0.290553,0.26190478,0.19914894
Z219206166,COc1ccccc1CCNc1ccc(C#N)cn1,c1ccc(CCNc2ccccn2)cc1,COc1ccccc1CCNc1ccc(C#N)cn1,0.28571803,0.29056299,0.25301206,0.19366399
Z1359883867,COc1cccc(-c2noc(-c3cc(C#N)cn3C)n2)c1,c1ccc(-c2noc(-c3ccc[nH]3)n2)cc1,COc1cccc(-c2noc(-c3cc(C#N)cn3C)n2)c1,0.28533031,0.29626259,0.26744187,0.077616953
Z3034577019,N#Cc1c(-c2ccccc2)cc(CCC2CC2)nc1N,c1ccc(-c2ccnc(CCC3CC3)c2)cc1,N#Cc1c(-c2ccccc2)cc(CCC2CC2)nc1N,0.28526787,0.29430148,0.26923078,0.11362927
Z30994336,COc1ccc(Cl)cc1NC(=O)CNc1cccc(C#N)c1,O=C(CNc1ccccc1)Nc1ccccc1,COc1ccc(Cl)cc1NC(=O)CNc1cccc(C#N)c1,0.28525147,0.27821195,0.24719101,0.41900219
Z1697203166,COc1cc(C#N)ccc1S(=O)(=O)NCc1nc(C)c(C)o1,O=S(=O)(NCc1ncco1)c1ccccc1,COc1cc(C#N)ccc1S(=O)(=O)NCc1nc(C)c(C)o1,0.28505572,0.28777099,0.26136363,0.23346596
Z1696956202,COc1ccc(C(C)CC(=O)Nc2cnccn2)cc1,O=C(CCc1ccccc1)Nc1cnccn1,COc1ccc(C(C)CC(=O)Nc2cnccn2)cc1,0.28502605,0.29534078,0.26506025,0.08904645
Z803204874,CCc1nc(COc2ccc(C#N)cc2OC)no1,c1ccc(OCc2ncon2)cc1,CCc1nc(COc2ccc(C#N)cc2OC)no1,0.28495189,0.29196429,0.26190478,0.15171635
Z1037481196,COc1cc(OC)cc(C(=O)Nc2ncccc2OCCCC#N)c1,O=C(Nc1ccccn1)c1ccccc1,COc1cc(OC)cc(C(=O)Nc2ncccc2OCCCC#N)c1,0.28478934,0.28056264,0.26436782,0.36509665
Z124468470,COc1cccc(CNCc2ccc(C#N)cc2)c1,c1ccc(CNCc2ccccc2)cc1,COc1cccc(CNCc2ccc(C#N)cc2)c1,0.28468606,0.29193255,0.25641027,0.14700302
Z56869038,N#Cc1c(N)n(CCN)c2nc3ccccc3nc12,c1ccc2nc3[nH]ccc3nc2c1,N#Cc1c(N)n(CCN)c2nc3ccccc3nc12,0.28459453,0.28728104,0.26666668,0.23355123
Z30608519,COc1ccccc1NS(=O)(=O)c1ccc(C)c(NC(=O)c2ccc(C#N)cc2)c1,O=C(Nc1cccc(S(=O)(=O)Nc2ccccc2)c1)c1ccccc1,COc1ccccc1NS(=O)(=O)c1ccc(C)c(NC(=O)c2ccc(C#N)cc2)c1,0.28434534,0.27950436,0.26373628,0.37632429
Z230042340,COc1ccc(-c2noc(CCC(=O)NC(C)c3ccc4c(c3)OCO4)n2)cc1,O=C(CCc1nc(-c2ccccc2)no1)NCc1ccc2c(c1)OCO2,COc1ccc(-c2noc(CCC(=O)NC(C)c3ccc4c(c3)OCO4)n2)cc1,0.28419218,0.29554436,0.2631579,0.068500842
Z25306911,COc1ccc2c(C)cc(SCC(=O)NCC(C)C)nc2c1,c1ccc2ncccc2c1,COc1ccc2c(C)cc(SCC(=O)NCC(C)C)nc2c1,0.28393982,0.28826869,0.26136363,0.20169169
Z1548463250,CCn1c(NC(=O)c2ccncc2)nc2cc(C#N)ccc21,O=C(Nc1nc2ccccc2[nH]1)c1ccncc1,CCn1c(NC(=O)c2ccncc2)nc2cc(C#N)ccc21,0.28336844,0.28186902,0.26436782,0.3118574
Z1410170743,COc1ccc(C)nc1NC(=O)c1cncc(-c2ccc(C)cc2)c1,O=C(Nc1ccccn1)c1cncc(-c2ccccc2)c1,COc1ccc(C)nc1NC(=O)c1cncc(-c2ccc(C)cc2)c1,0.28307215,0.29414821,0.27058825,0.072627125
Z644822950,CC(Nc1ccc(C#N)cn1)c1ccc(OCc2cccnc2)cc1,c1ccc(NCc2ccc(OCc3cccnc3)cc2)nc1,CC(Nc1ccc(C#N)cn1)c1ccc(OCc2cccnc2)cc1,0.28278112,0.28586596,0.24719101,0.22416939
Z214712754,COc1cc(C#N)ccc1OCc1cccc2cccnc12,c1ccc(OCc2cccc3cccnc23)cc1,COc1cc(C#N)ccc1OCc1cccc2cccnc12,0.28249326,0.28735733,0.24705882,0.1900762
Z25789359,COc1cccc(-c2noc(COc3ccc(NC(C)=O)cc3)n2)c1,c1ccc(OCc2nc(-c3ccccc3)no2)cc1,COc1cccc(-c2noc(COc3ccc(NC(C)=O)cc3)n2)c1,0.28246144,0.2906127,0.26966292,0.12758733
Z52653571,COc1ccccc1C(=O)Nc1ccc(OCc2ccc(C#N)cc2)cc1,O=C(Nc1ccc(OCc2ccccc2)cc1)c1ccccc1,COc1ccccc1C(=O)Nc1ccc(OCc2ccc(C#N)cc2)cc1,0.28244176,0.28791761,0.26744187,0.17840083
Z223992208,COc1ccc(CCNC(=O)C2CCN(c3ccc(C#N)cn3)CC2)cc1OC,O=C(NCCc1ccccc1)C1CCN(c2ccccn2)CC1,COc1ccc(CCNC(=O)C2CCN(c3ccc(C#N)cn3)CC2)cc1OC,0.28231846,0.28629613,0.26041666,0.20674258
Z2055472640,COC1CC(COc2cccnc2)N(C(=O)Cc2ccc(C#N)cc2)C1,O=C(Cc1ccccc1)N1CCCC1COc1cccnc1,CO[C@@H]1C[C@@H](COc2cccnc2)N(C(=O)Cc2ccc(C#N)cc2)C1,0.28222107,0.29068863,0.25531915,0.12133765
Z29459268,COc1ccc(CC(=O)Nc2nc(-c3cccnc3)cs2)cc1OC,O=C(Cc1ccccc1)Nc1nc(-c2cccnc2)cs1,COc1ccc(CC(=O)Nc2nc(-c3cccnc3)cs2)cc1OC,0.28219875,0.28625065,0.25274727,0.20521274
Z651085956,CN(Cc1nc2ccccc2c(=O)[nH]1)c1ccc(F)cc1,O=c1[nH]c(CNc2ccccc2)nc2ccccc12,CN(Cc1nc2ccccc2c(=O)[nH]1)c1ccc(F)cc1,0.28218053,0.26268169,0.24050634,0.65265852
Z14105397,COc1ccc(NC(=O)CN2C(=O)NC(C)(c3ccc(C#N)cc3)C2=O)cc1,O=C(CN1C(=O)NC(c2ccccc2)C1=O)Nc1ccccc1,COc1ccc(NC(=O)CN2C(=O)NC(C)(c3ccc(C#N)cc3)C2=O)cc1,0.28207604,0.29128465,0.26666668,0.10711262
Z278424822,Cc1nc2ccccc2c(C)c1CC(=O)Nc1cccnc1,O=C(Cc1cnc2ccccc2c1)Nc1cccnc1,Cc1nc2ccccc2c(C)c1CC(=O)Nc1cccnc1,0.28176992,0.26976562,0.24390244,0.50985204
Z2754391303,CNC(=O)Cc1nc(-c2ccc(C)cc2OC)cs1,c1ccc(-c2cscn2)cc1,CNC(=O)Cc1nc(-c2ccc(C)cc2OC)cs1,0.28172454,0.2939761,0.25882354,0.048944978
Z25307107,CNC(=O)NC(=O)C(C)Sc1cc(C)c2ccc(OC)cc2n1,c1ccc2ncccc2c1,CNC(=O)NC(=O)C(C)Sc1cc(C)c2ccc(OC)cc2n1,0.28170894,0.28292751,0.24719101,0.25855633
Z1203223218,CN(Cc1nc(-c2cccnc2)no1)C(=O)c1ccc2ccccc2c1,O=C(NCc1nc(-c2cccnc2)no1)c1ccc2ccccc2c1,CN(Cc1nc(-c2cccnc2)no1)C(=O)c1ccc2ccccc2c1,0.28153185,0.29143846,0.25882354,0.093306432
