CatalogID,SMILES,canonical,scaffold,valid,usrcat_to_crystal21,erg_to_ligand21,known_ligand_score,K_chemberta_score,combined_score
Z1127137878,COc1cc2nc(CN3CCNC(=O)C3C(C)C)[nH]c(=O)c2cc1OC,COc1cc2nc(CN3CCNC(=O)C3C(C)C)[nH]c(=O)c2cc1OC,O=C1CN(Cc2nc3ccccc3c(=O)[nH]2)CCN1,True,0.23013264904442254,0.37548643,0.26831222059724374,0.8525405,0.914377
Z192613042,COc1cc2ncn(CCCC(=O)NC(C)C3CC4CCC3C4)c(=O)c2cc1OC,COc1cc2ncn(CCCC(=O)NC(C)C3CC4CCC3C4)c(=O)c2cc1OC,O=C(CCCn1cnc2ccccc2c1=O)NCC1CC2CCC1C2,True,0.2505598361681256,0.3697844,0.247353659086824,0.81958306,0.89757085
Z929775432,O=C1NCCCC1Nc1nc(-c2ccncc2)nc2ccccc12,O=C1NCCCC1Nc1nc(-c2ccncc2)nc2ccccc12,O=C1NCCCC1Nc1nc(-c2ccncc2)nc2ccccc12,True,0.29664680723669606,0.28852823,0.27930921404646236,0.9093321,0.8898024
Z1724529232,COc1ccc(C(CCO)Nc2nc(CC(C)C)ns2)cc1,COc1ccc(C(CCO)Nc2nc(CC(C)C)ns2)cc1,c1ccc(CNc2ncns2)cc1,True,0.30686634456324086,0.2652587,0.26891368453393966,0.8889791,0.8788198
Z177084614,CCN(Cc1nc2cc(OC)c(OC)cc2c(=O)[nH]1)C(=O)NC1CC1,CCN(Cc1nc2cc(OC)c(OC)cc2c(=O)[nH]1)C(=O)NC1CC1,O=C(NCc1nc2ccccc2c(=O)[nH]1)NC1CC1,True,0.2631828167732839,0.2737026,0.2775989098173241,0.8494395,0.8769435
Z1689306137,CCn1c(NCc2c[nH]nc2-c2cccnc2)nc2ccccc21,CCn1c(NCc2c[nH]nc2-c2cccnc2)nc2ccccc21,c1cncc(-c2n[nH]cc2CNc2nc3ccccc3[nH]2)c1,True,0.2816751410975025,0.23685275,0.27304688498942575,0.85362244,0.8734288
Z1688270125,CNC(=O)C(CO)Nc1cc(C#N)c2cc(Cl)ccc2n1,CNC(=O)C(CO)Nc1cc(C#N)c2cc(Cl)ccc2n1,c1ccc2ncccc2c1,True,0.25315242007481087,0.24654408,0.2816506600923475,0.8602961,0.86714983
Z1165156560,N#Cc1ccccc1N1CCCC(NCc2c[nH]nc2-c2cccnc2)C1,N#Cc1ccccc1N1CCCC(NCc2c[nH]nc2-c2cccnc2)C1,c1ccc(N2CCCC(NCc3c[nH]nc3-c3cccnc3)C2)cc1,True,0.28538162334200157,0.27053672,0.25874376266892846,0.90281683,0.8627728
Z19137789,CNC(=O)CSc1nc2ccccc2c(=O)n1-c1cccc(OC)c1,CNC(=O)CSc1nc2ccccc2c(=O)n1-c1cccc(OC)c1,O=c1c2ccccc2ncn1-c1ccccc1,True,0.31383614334960536,0.1872539,0.2833099984243326,0.8675573,0.86216265
Z104767930,CC(C)c1ccc(-c2noc(CNc3ccc(C#N)cc3)n2)cc1,CC(C)c1ccc(-c2noc(CNc3ccc(C#N)cc3)n2)cc1,c1ccc(NCc2nc(-c3ccccc3)no2)cc1,True,0.2671225414486036,0.19712344,0.2872697608717626,0.90818274,0.86056423
Z2863938311,COc1cc(OC)c2ncc(C#N)c(N3CCNC(CO)C3)c2c1,COc1cc(OC)c2ncc(C#N)c(N3CCNC(CO)C3)c2c1,c1ccc2c(N3CCNCC3)ccnc2c1,True,0.2893119067874969,0.3105696,0.25524047382200793,0.85291356,0.8585792
Z1567828208,CC(Nc1cc(C(F)(F)F)nc(-c2cccnc2)n1)c1nc[nH]n1,CC(Nc1cc(C(F)(F)F)nc(-c2cccnc2)n1)c1nc[nH]n1,c1cncc(-c2nccc(NCc3nc[nH]n3)n2)c1,True,0.26929599906611174,0.2798784,0.25763059541846756,0.84872484,0.85592663
Z1621714232,COc1cc(-c2noc(CNC3(C(N)=O)CC3)n2)ccc1C,COc1cc(-c2noc(CNC3(C(N)=O)CC3)n2)ccc1C,c1ccc(-c2noc(CNC3CC3)n2)cc1,True,0.2532633674183517,0.2665898,0.26418217614464196,0.8912679,0.855159
Z1863492740,CCNc1n[nH]c(N)c1-c1nc(-c2ccccc2)no1,CCNc1n[nH]c(N)c1-c1nc(-c2ccccc2)no1,c1ccc(-c2noc(-c3cn[nH]c3)n2)cc1,True,0.28990327336114,0.2209175,0.2577994109583612,0.84373635,0.8492294
Z2157442748,COc1cc(OC)c2ncc(C#N)c(NCCNS(=O)(=O)N(C)C)c2c1,COc1cc(OC)c2ncc(C#N)c(NCCNS(=O)(=O)N(C)C)c2c1,c1ccc2ncccc2c1,True,0.24572761593266723,0.24873029,0.2688471283688808,0.8386583,0.84737897
Z2761536367,Cc1n[nH]c([C@@H]2CCO[C@@H]2CN(C)c2ncccc2C#N)n1,Cc1n[nH]c(C2CCOC2CN(C)c2ncccc2C#N)n1,c1ccc(NCC2OCCC2c2ncn[nH]2)nc1,True,0.25120575387966304,0.2384306,0.2643079925653194,0.8230667,0.84692353
Z2033637956,COc1cc(OC)c2ncc(C#N)c(N(C)CC(N)=O)c2c1,COc1cc(OC)c2ncc(C#N)c(N(C)CC(N)=O)c2c1,c1ccc2ncccc2c1,True,0.2416646425242805,0.22822374,0.28306280281197327,0.8544693,0.8463936
Z56861749,CN(C)S(=O)(=O)c1cccc(-n2c(N)c(C#N)c3nc4ccccc4nc32)c1,CN(C)S(=O)(=O)c1cccc(-n2c(N)c(C#N)c3nc4ccccc4nc32)c1,c1ccc(-n2ccc3nc4ccccc4nc32)cc1,True,0.26070816756413123,0.21457522,0.26330703631115654,0.875141,0.84632486
Z446138456,CN(C)C(CNCc1c[nH]nc1-c1cccnc1)c1ccccc1,CN(C)C(CNCc1c[nH]nc1-c1cccnc1)c1ccccc1,c1ccc(CCNCc2c[nH]nc2-c2cccnc2)cc1,True,0.2798287228737383,0.1767467,0.27586512348931846,0.8642436,0.8455944
Z3409654464,COc1cc(OC)c2ncc(C#N)c(NC3(C(N)=O)CNC3)c2c1,COc1cc(OC)c2ncc(C#N)c(NC3(C(N)=O)CNC3)c2c1,c1ccc2c(NC3CNC3)ccnc2c1,True,0.23688372136464325,0.31320813,0.2744285638269388,0.8444442,0.8447865
Z1699047045,CC(Nc1nccc(CO)n1)c1ccc(C#N)cc1,CC(Nc1nccc(CO)n1)c1ccc(C#N)cc1,c1ccc(CNc2ncccn2)cc1,True,0.2428532291035555,0.21546933,0.2836489681317882,0.8916389,0.8444314
Z1336449446,COc1cc(S(=O)(=O)Nc2cc(C#N)ccc2O)cc(C(=O)O)c1OC,COc1cc(S(=O)(=O)Nc2cc(C#N)ccc2O)cc(C(=O)O)c1OC,O=S(=O)(Nc1ccccc1)c1ccccc1,True,0.2512815318150249,0.20667936,0.2734641338510528,0.7622182,0.84414494
Z45580962,COc1ccc(S(=O)(=O)NC(CC(=O)O)c2ccc(F)cc2)cc1OC,COc1ccc(S(=O)(=O)NC(CC(=O)O)c2ccc(F)cc2)cc1OC,O=S(=O)(NCc1ccccc1)c1ccccc1,True,0.27203081767722387,0.17677823,0.2752483218393798,0.81785727,0.84257805
Z397902194,COc1ccc(C(C)Nc2nnc(C)c(C)c2C#N)c(OC)c1,COc1ccc(C(C)Nc2nnc(C)c(C)c2C#N)c(OC)c1,c1ccc(CNc2cccnn2)cc1,True,0.24398947004979593,0.22698939,0.27001151410334645,0.90344864,0.84000283
Z88897558,COc1ccc(OC)c(S(=O)(=O)NC(CC(=O)O)c2ccccc2)c1,COc1ccc(OC)c(S(=O)(=O)NC(CC(=O)O)c2ccccc2)c1,O=S(=O)(NCc1ccccc1)c1ccccc1,True,0.2693710875009152,0.1920002,0.26352271964551854,0.81716144,0.8396763
Z195940682,CC(c1cccs1)N(C)Cc1nc(N)c2ccccc2n1,CC(c1cccs1)N(C)Cc1nc(N)c2ccccc2n1,c1csc(CNCc2ncc3ccccc3n2)c1,True,0.2574271763908376,0.17130442,0.29031694824807097,0.87347806,0.8385277
Z31791978,O=C(Nc1cccnc1)c1cc(O)nc2ccccc12,O=C(Nc1cccnc1)c1cc(O)nc2ccccc12,O=C(Nc1cccnc1)c1ccnc2ccccc12,True,0.2623032782369034,0.17507298,0.2768695155083485,0.8166732,0.83752793
Z1763888956,Cc1c(NC(C(N)=O)c2ccc(C#N)cc2)cnn1-c1ccccc1,Cc1c(NC(C(N)=O)c2ccc(C#N)cc2)cnn1-c1ccccc1,c1ccc(CNc2cnn(-c3ccccc3)c2)cc1,True,0.23229552359881886,0.2474917,0.28142504782873184,0.87522036,0.8340705
Z368593464,COc1cc(CNc2nnc(C)c(C)c2C#N)ccc1O,COc1cc(CNc2nnc(C)c(C)c2C#N)ccc1O,c1ccc(CNc2cccnn2)cc1,True,0.27055794507060243,0.25649995,0.24973169063160247,0.90127933,0.83247197
Z2385217352,CNC(=O)CC1(O)CCCN(CCOc2cccc(C#N)c2)C1,CNC(=O)CC1(O)CCCN(CCOc2cccc(C#N)c2)C1,c1ccc(OCCN2CCCCC2)cc1,True,0.28568570735693255,0.182938,0.259671882819373,0.83286613,0.8322601
Z929758952,N#Cc1ccc(NCC(O)COc2cccc3ccccc23)nc1,N#Cc1ccc(NCC(O)COc2cccc3ccccc23)nc1,c1ccc(NCCCOc2cccc3ccccc23)nc1,True,0.2443284092409064,0.21420497,0.26578774171321945,0.8516098,0.83154684
Z813002904,COC(=O)CC(NS(=O)(=O)c1cc(OC)ccc1OC)c1ccc(F)cc1,COC(=O)CC(NS(=O)(=O)c1cc(OC)ccc1OC)c1ccc(F)cc1,O=S(=O)(NCc1ccccc1)c1ccccc1,True,0.2607722767098499,0.16748655,0.27656433576800343,0.85168123,0.83083355
Z195617636,CN(Cc1nc(N)c2ccccc2n1)Cc1ccc(Cl)cc1Cl,CN(Cc1nc(N)c2ccccc2n1)Cc1ccc(Cl)cc1Cl,c1ccc(CNCc2ncc3ccccc3n2)cc1,True,0.2927804860764289,0.17130442,0.26231915377072457,0.88222635,0.83036095
Z1983649607,COc1cncc(S(=O)(=O)NC(C(=O)O)c2cccc(C)c2)c1,COc1cncc(S(=O)(=O)NC(C(=O)O)c2cccc(C)c2)c1,O=S(=O)(NCc1ccccc1)c1cccnc1,True,0.24356430789134945,0.19767272,0.2748372768916788,0.8039659,0.830255
Z3018680197,COc1ccc2cc(C(=O)NC3CCNCC3)cnc2c1,COc1ccc2cc(C(=O)NC3CCNCC3)cnc2c1,O=C(NC1CCNCC1)c1cnc2ccccc2c1,True,0.24436864831539923,0.21076787,0.265628787885196,0.8737465,0.82957894
Z316263694,CCCc1noc(C(C)N(C)Cc2nc3ccccc3c(=O)[nH]2)n1,CCCc1noc(C(C)N(C)Cc2nc3ccccc3c(=O)[nH]2)n1,O=c1[nH]c(CNCc2ncno2)nc2ccccc12,True,0.2440385913402844,0.21068087,0.26580922856924427,0.8430141,0.82926095
Z2707222932,COc1ccc(C#N)cc1CN1CCCC1c1ccc(O)nn1,COc1ccc(C#N)cc1CN1CCCC1c1ccc(O)nn1,c1ccc(CN2CCCC2c2cccnn2)cc1,True,0.28364254080495827,0.24085715,0.24874328878368443,0.86763275,0.8290833
Z1220610470,FC(F)(F)c1cc(NCCCn2cccn2)nc(-c2cccnc2)n1,FC(F)(F)c1cc(NCCCn2cccn2)nc(-c2cccnc2)n1,c1cncc(-c2nccc(NCCCn3cccn3)n2)c1,True,0.26623509908909665,0.24561776,0.25019532965907854,0.85800946,0.82897735
Z225147516,COc1ccc(C(CC(=O)Nc2nc(C)c(C)s2)NC(C)=O)cc1,COc1ccc(C(CC(=O)Nc2nc(C)c(C)s2)NC(C)=O)cc1,O=C(CCc1ccccc1)Nc1nccs1,True,0.25792340628300303,0.15362231,0.2857495238617871,0.85853446,0.8242824
Z1276121620,COc1cccc(-c2noc(C(C)NC(=O)c3cn[nH]c3C)n2)c1,COc1cccc(-c2noc(C(C)NC(=O)c3cn[nH]c3C)n2)c1,O=C(NCc1nc(-c2ccccc2)no1)c1cn[nH]c1,True,0.24866079308289846,0.20651309,0.25965717977422764,0.8878183,0.82426524
Z2054376957,COc1ccc(C#N)cc1CN1C[C@@H](OC)C[C@H]1C(N)=O,COc1ccc(C#N)cc1CN1CC(OC)CC1C(N)=O,c1ccc(CN2CCCC2)cc1,True,0.24417930312767708,0.19343288,0.2682178330937623,0.85978186,0.822896
Z841146038,CCOc1ccc(C#N)cc1NC(C(=O)NC1CC1)c1ccccc1,CCOc1ccc(C#N)cc1NC(C(=O)NC1CC1)c1ccccc1,O=C(NC1CC1)C(Nc1ccccc1)c1ccccc1,True,0.23209195949242348,0.22686878,0.27495835329077567,0.8627955,0.82277
Z2488926521,Cc1cccc(-c2nc(N(C)CCO)nc3ccccc23)c1,Cc1cccc(-c2nc(N(C)CCO)nc3ccccc23)c1,c1ccc(-c2ncnc3ccccc23)cc1,True,0.2767698903238186,0.14301291,0.28013869247591094,0.8774742,0.822578
Z30084391,CC(Oc1ccc(C#N)cc1)C(=O)N(C)Cc1nc2ccccc2c(=O)[nH]1,CC(Oc1ccc(C#N)cc1)C(=O)N(C)Cc1nc2ccccc2c(=O)[nH]1,O=C(COc1ccccc1)NCc1nc2ccccc2c(=O)[nH]1,True,0.2570322603158778,0.15508379,0.2817303325492005,0.87193143,0.8223145
Z84961651,CN(Cc1nc2ccccc2c(=O)[nH]1)C(=O)c1n[nH]c2ccccc12,CN(Cc1nc2ccccc2c(=O)[nH]1)C(=O)c1n[nH]c2ccccc12,O=C(NCc1nc2ccccc2c(=O)[nH]1)c1n[nH]c2ccccc12,True,0.2573667766197782,0.17239988,0.2662702439141373,0.8330798,0.8217674
Z2153633437,N#Cc1cc(NC(=O)Cc2n[nH]c(=O)c3ccccc23)nc2ccccc12,N#Cc1cc(NC(=O)Cc2n[nH]c(=O)c3ccccc23)nc2ccccc12,O=C(Cc1n[nH]c(=O)c2ccccc12)Nc1ccc2ccccc2n1,True,0.2399526419400128,0.20194729,0.2699118864313259,0.83534074,0.82164997
Z1627170971,COc1cc2nc(Cn3ccnc3C(C)C)[nH]c(=O)c2cc1OC,COc1cc2nc(Cn3ccnc3C(C)C)[nH]c(=O)c2cc1OC,O=c1[nH]c(Cn2ccnc2)nc2ccccc12,True,0.23934153718320975,0.27962172,0.2563980224537353,0.84567213,0.8216442
Z2755419303,COc1ccc(CC(C)(C)NC(=O)c2cncc(C(=O)O)c2)cc1,COc1ccc(CC(C)(C)NC(=O)c2cncc(C(=O)O)c2)cc1,O=C(NCCc1ccccc1)c1cccnc1,True,0.2687366088532325,0.19830857,0.25359103016364654,0.79249465,0.82137215
Z4305870684,CC[C@H](C)[C@H](NC(=O)c1cnn2ccc(OC)cc12)C(=O)NC,CCC(C)C(NC(=O)c1cnn2ccc(OC)cc12)C(=O)NC,c1ccn2nccc2c1,True,0.24591336277244114,0.25238264,0.25356527190173306,0.88523257,0.821289
Z224000710,CCOc1ccccc1NC(=O)CC(NC(C)=O)c1ccc(OC)cc1,CCOc1ccccc1NC(=O)CC(NC(C)=O)c1ccc(OC)cc1,O=C(CCc1ccccc1)Nc1ccccc1,True,0.2890554452210148,0.1474274,0.27028593612967183,0.84733385,0.82125753
