CatalogID,SMILES,canonical,scaffold,valid,Score
Z2052095704,N#Cc1cnc2ccccc2c1N1CCC([C@H]2OCC[C@@H]2C(N)=O)CC1,N#Cc1cnc2ccccc2c1N1CCC(C2OCCC2C(N)=O)CC1,c1ccc2c(N3CCC(C4CCCO4)CC3)ccnc2c1,True,0.7017635
Z103730806,c1csc(-c2noc(CN3CCc4ccccc43)n2)c1,c1csc(-c2noc(CN3CCc4ccccc43)n2)c1,c1csc(-c2noc(CN3CCc4ccccc43)n2)c1,True,0.67478305
Z2052061707,CC(=O)N1CCOC2CCN(c3c(C#N)cnc4ccccc34)CC21,CC(=O)N1CCOC2CCN(c3c(C#N)cnc4ccccc34)CC21,c1ccc2c(N3CCC4OCCNC4C3)ccnc2c1,True,0.65190506
Z2053084753,N#Cc1cnc2ccccc2c1N1C[C@@H](C(F)(F)F)[C@H](C(N)=O)C1,N#Cc1cnc2ccccc2c1N1CC(C(N)=O)C(C(F)(F)F)C1,c1ccc2c(N3CCCC3)ccnc2c1,True,0.63717926
Z31209435,Clc1cccc(Oc2nc(CN3CCOCC3)nc3sc4c(c23)CCC4)c1,Clc1cccc(Oc2nc(CN3CCOCC3)nc3sc4c(c23)CCC4)c1,c1ccc(Oc2nc(CN3CCOCC3)nc3sc4c(c23)CCC4)cc1,True,0.6358193
Z1262418197,Cc1cccc2c(N3CCC(C(N)=O)C3)c(C#N)cnc12,Cc1cccc2c(N3CCC(C(N)=O)C3)c(C#N)cnc12,c1ccc2c(N3CCCC3)ccnc2c1,True,0.6329678
Z805391606,CC1CN(c2c(C#N)cnc3ccc(OC(F)F)cc23)CCO1,CC1CN(c2c(C#N)cnc3ccc(OC(F)F)cc23)CCO1,c1ccc2c(N3CCOCC3)ccnc2c1,True,0.6300001
Z103827928,COc1ccc(-c2noc(CN3CCCc4cc(C)ccc43)n2)cc1OC,COc1ccc(-c2noc(CN3CCCc4cc(C)ccc43)n2)cc1OC,c1ccc(-c2noc(CN3CCCc4ccccc43)n2)cc1,True,0.6178081
Z1299319525,NS(=O)(=O)c1ccc2c(c1)N(Cc1nc(-c3ccoc3)no1)CC2,NS(=O)(=O)c1ccc2c(c1)N(Cc1nc(-c3ccoc3)no1)CC2,c1ccc2c(c1)CCN2Cc1nc(-c2ccoc2)no1,True,0.61052907
Z271150188,CCCCc1noc(CN2CCCc3ccccc32)n1,CCCCc1noc(CN2CCCc3ccccc32)n1,c1ccc2c(c1)CCCN2Cc1ncno1,True,0.6095106
Z646409802,CN(C)C(CNc1ncnc2sccc12)c1ccc(F)cc1,CN(C)C(CNc1ncnc2sccc12)c1ccc(F)cc1,c1ccc(CCNc2ncnc3sccc23)cc1,True,0.5966104
Z1864063218,C[C@@H](Nc1nc(-c2cccnc2)nc2c1CCC2)c1cccc(O)c1,CC(Nc1nc(-c2cccnc2)nc2c1CCC2)c1cccc(O)c1,c1ccc(CNc2nc(-c3cccnc3)nc3c2CCC3)cc1,True,0.59478116
Z285876398,CCc1cc2c(NC(C(N)=O)c3ccccc3)ncnc2s1,CCc1cc2c(NC(C(N)=O)c3ccccc3)ncnc2s1,c1ccc(CNc2ncnc3sccc23)cc1,True,0.59403163
Z2972805291,Cc1nc(NCc2cc(C)[nH]c(=O)c2)c2c(C)csc2n1,Cc1nc(NCc2cc(C)[nH]c(=O)c2)c2c(C)csc2n1,O=c1cc(CNc2ncnc3sccc23)cc[nH]1,True,0.5933926
Z2384912052,Cc1nnc([C@H]2CN(c3c(C#N)cnc4ccccc34)C[C@@H](C)O2)o1,Cc1nnc(C2CN(c3c(C#N)cnc4ccccc34)CC(C)O2)o1,c1ccc2c(N3CCOC(c4nnco4)C3)ccnc2c1,True,0.5912194
Z57088583,CCc1cc2c(NCc3cccnc3)ncnc2s1,CCc1cc2c(NCc3cccnc3)ncnc2s1,c1cncc(CNc2ncnc3sccc23)c1,True,0.59018755
Z90130786,c1ccc(-c2csc3nc(CN4CCOCC4)nc(Oc4cccnc4)c23)cc1,c1ccc(-c2csc3nc(CN4CCOCC4)nc(Oc4cccnc4)c23)cc1,c1ccc(-c2csc3nc(CN4CCOCC4)nc(Oc4cccnc4)c23)cc1,True,0.576077
Z1425925873,Cc1nc(C)c(C)c(N2CCC(NC(=O)c3cccnc3)CC2)n1,Cc1nc(C)c(C)c(N2CCC(NC(=O)c3cccnc3)CC2)n1,O=C(NC1CCN(c2ccncn2)CC1)c1cccnc1,True,0.57542956
Z196149862,COc1ccccc1C(Nc1ncnc2ccsc12)c1nccn1C,COc1ccccc1C(Nc1ncnc2ccsc12)c1nccn1C,c1ccc(C(Nc2ncnc3ccsc23)c2ncc[nH]2)cc1,True,0.5732371
Z1160867401,N#Cc1cnc2ccccc2c1N1CCN(CCC(=O)O)CC1,N#Cc1cnc2ccccc2c1N1CCN(CCC(=O)O)CC1,c1ccc2c(N3CCNCC3)ccnc2c1,True,0.5722835
Z196143298,CC(Nc1ncnc2ccsc12)c1ccc(S(C)(=O)=O)cc1,CC(Nc1ncnc2ccsc12)c1ccc(S(C)(=O)=O)cc1,c1ccc(CNc2ncnc3ccsc23)cc1,True,0.56718075
Z224766968,NS(=O)(=O)c1ccc2c(c1)CCN2Cc1nc(-c2cccc(C(F)(F)F)c2)no1,NS(=O)(=O)c1ccc2c(c1)CCN2Cc1nc(-c2cccc(C(F)(F)F)c2)no1,c1ccc(-c2noc(CN3CCc4ccccc43)n2)cc1,True,0.56327266
Z1478445725,NC(=O)C1CCCCCC1Nc1nc(-c2ccncc2)nc2c1CCC2,NC(=O)C1CCCCCC1Nc1nc(-c2ccncc2)nc2c1CCC2,c1cc(-c2nc3c(c(NC4CCCCCC4)n2)CCC3)ccn1,True,0.5615612
Z225067710,Cc1ccc(-c2noc(CN3CCCc4c(C(=O)NC(C)C)cccc43)n2)cc1,Cc1ccc(-c2noc(CN3CCCc4c(C(=O)NC(C)C)cccc43)n2)cc1,c1ccc(-c2noc(CN3CCCc4ccccc43)n2)cc1,True,0.55642104
Z1449787959,NC(=O)Cn1cc(Nc2nc(-c3cccnc3)nc3c2CCC3)cn1,NC(=O)Cn1cc(Nc2nc(-c3cccnc3)nc3c2CCC3)cn1,c1cncc(-c2nc3c(c(Nc4cn[nH]c4)n2)CCC3)c1,True,0.554139
Z31121103,Fc1ccccc1CNc1ncnc2sccc12,Fc1ccccc1CNc1ncnc2sccc12,c1ccc(CNc2ncnc3sccc23)cc1,True,0.5539952
Z90130875,c1cncc(Oc2nc(CN3CCOCC3)nc3scc(-c4cccs4)c23)c1,c1cncc(Oc2nc(CN3CCOCC3)nc3scc(-c4cccs4)c23)c1,c1cncc(Oc2nc(CN3CCOCC3)nc3scc(-c4cccs4)c23)c1,True,0.5535343
Z31211468,c1nc(N2CCOCC2)c2c3c(sc2n1)CCC3,c1nc(N2CCOCC2)c2c3c(sc2n1)CCC3,c1nc(N2CCOCC2)c2c3c(sc2n1)CCC3,True,0.5521787
Z1230415884,Cc1cccc(-c2noc(CN3CCC(=O)Nc4ccccc43)n2)c1,Cc1cccc(-c2noc(CN3CCC(=O)Nc4ccccc43)n2)c1,O=C1CCN(Cc2nc(-c3ccccc3)no2)c2ccccc2N1,True,0.5490714
Z1449841854,c1cncc(-c2nc3c(c(N4CCc5cncnc5C4)n2)CCC3)c1,c1cncc(-c2nc3c(c(N4CCc5cncnc5C4)n2)CCC3)c1,c1cncc(-c2nc3c(c(N4CCc5cncnc5C4)n2)CCC3)c1,True,0.54840183
Z31232011,Clc1ccccc1CNc1ncnc2sccc12,Clc1ccccc1CNc1ncnc2sccc12,c1ccc(CNc2ncnc3sccc23)cc1,True,0.5452767
Z2863938428,CCc1c[nH]c(CNc2nc(-c3ccccn3)nc3c2CCC3)n1,CCc1c[nH]c(CNc2nc(-c3ccccn3)nc3c2CCC3)n1,c1ccc(-c2nc3c(c(NCc4ncc[nH]4)n2)CCC3)nc1,True,0.54452777
Z1272285412,N#Cc1cnc2ccc(Cl)cc2c1N1CCOC(C(N)=O)C1,N#Cc1cnc2ccc(Cl)cc2c1N1CCOC(C(N)=O)C1,c1ccc2c(N3CCOCC3)ccnc2c1,True,0.54429626
Z1262417861,Cc1cccc2c(N3CC(O)C3)c(C#N)cnc12,Cc1cccc2c(N3CC(O)C3)c(C#N)cnc12,c1ccc2c(N3CCC3)ccnc2c1,True,0.54372543
Z1127122706,CC(O)CN1CCN(c2ncnc3sc4c(c23)CCCC4)CC1,CC(O)CN1CCN(c2ncnc3sc4c(c23)CCCC4)CC1,c1nc(N2CCNCC2)c2c3c(sc2n1)CCCC3,True,0.54321647
Z1639058734,CN(C)C(=O)NCCNc1nc(-c2ccncc2)nc2c1CCC2,CN(C)C(=O)NCCNc1nc(-c2ccncc2)nc2c1CCC2,c1cc(-c2ncc3c(n2)CCC3)ccn1,True,0.5426274
Z805391160,CNC(=O)C1CCN(c2c(C#N)cnc3ccc(OC(F)F)cc23)CC1,CNC(=O)C1CCN(c2c(C#N)cnc3ccc(OC(F)F)cc23)CC1,c1ccc2c(N3CCCCC3)ccnc2c1,True,0.5425542
Z805382720,N#Cc1cnc2ccc(OC(F)F)cc2c1N1CCCC(C(N)=O)C1,N#Cc1cnc2ccc(OC(F)F)cc2c1N1CCCC(C(N)=O)C1,c1ccc2c(N3CCCCC3)ccnc2c1,True,0.54142576
Z1449773172,O=C(Cn1cnnn1)N1CCN(c2nc(-c3cccnc3)nc3c2CCC3)CC1,O=C(Cn1cnnn1)N1CCN(c2nc(-c3cccnc3)nc3c2CCC3)CC1,O=C(Cn1cnnn1)N1CCN(c2nc(-c3cccnc3)nc3c2CCC3)CC1,True,0.54052424
Z94861189,Fc1cccc(CCNc2ncnc3sccc23)c1,Fc1cccc(CCNc2ncnc3sccc23)c1,c1ccc(CCNc2ncnc3sccc23)cc1,True,0.5397851
Z285836092,CCc1cc2c(NC(C)c3cccnc3)ncnc2s1,CCc1cc2c(NC(C)c3cccnc3)ncnc2s1,c1cncc(CNc2ncnc3sccc23)c1,True,0.53707904
Z2379570975,COCC1CN(c2c(C#N)cnc3c(Cl)cccc23)CCO1,COCC1CN(c2c(C#N)cnc3c(Cl)cccc23)CCO1,c1ccc2c(N3CCOCC3)ccnc2c1,True,0.53685343
Z103699982,CC1Cc2ccccc2N1Cc1nc(-c2ccc(F)cc2)no1,CC1Cc2ccccc2N1Cc1nc(-c2ccc(F)cc2)no1,c1ccc(-c2noc(CN3CCc4ccccc43)n2)cc1,True,0.53607595
Z1309544339,Cc1cccc2c(N3CCC(CS(N)(=O)=O)CC3)c(C#N)cnc12,Cc1cccc2c(N3CCC(CS(N)(=O)=O)CC3)c(C#N)cnc12,c1ccc2c(N3CCCCC3)ccnc2c1,True,0.5354035
Z1230416350,O=C1CCN(Cc2nc(-c3ccc(C(F)(F)F)cc3)no2)c2ccccc2N1,O=C1CCN(Cc2nc(-c3ccc(C(F)(F)F)cc3)no2)c2ccccc2N1,O=C1CCN(Cc2nc(-c3ccccc3)no2)c2ccccc2N1,True,0.53487945
Z2433743851,CC1CN(c2c(C#N)cnc3c(Cl)cccc23)CCC1O,CC1CN(c2c(C#N)cnc3c(Cl)cccc23)CCC1O,c1ccc2c(N3CCCCC3)ccnc2c1,True,0.53412354
Z165248188,CS(=O)(=O)N1CCN(c2ncnc3sc4c(c23)CCCC4)CC1,CS(=O)(=O)N1CCN(c2ncnc3sc4c(c23)CCCC4)CC1,c1nc(N2CCNCC2)c2c3c(sc2n1)CCCC3,True,0.53385097
Z1615169144,CC(C)C1CN(c2c(C#N)cnc3ccc(OC(F)F)cc23)CCO1,CC(C)C1CN(c2c(C#N)cnc3ccc(OC(F)F)cc23)CCO1,c1ccc2c(N3CCOCC3)ccnc2c1,True,0.53278726
Z52579497,Fc1ccccc1CCNc1ncnc2sccc12,Fc1ccccc1CCNc1ncnc2sccc12,c1ccc(CCNc2ncnc3sccc23)cc1,True,0.5292895
Z235529772,Cc1sc2ncnc(NCc3ccc(NC(=O)c4ccco4)cc3)c2c1C,Cc1sc2ncnc(NCc3ccc(NC(=O)c4ccco4)cc3)c2c1C,O=C(Nc1ccc(CNc2ncnc3sccc23)cc1)c1ccco1,True,0.5258398
