CatalogID,SMILES,canonical,scaffold,valid,anchor,consensus_percentile,negative_percentile,max_pairwise_ecfp,G_25hits_3series_cosine,K_21hits_2series_cosine,AF_7confirmed_cosine,O_4hits_3series_cosine,AD_2hits_2series_cosine
Z86317453,N#Cc1c(CCCNc2ncnc3sccc23)n[nH]c1N,N#Cc1c(CCCNc2ncnc3sccc23)n[nH]c1N,c1nc(NCCCc2cc[nH]n2)c2ccsc2n1,True,G_25hits_3series,0.9988417,0.016428802,0.0,0.91524816,0.80824,0.7998204,0.7644998,0.8063598
Z4661331921,c1ccc(-c2nc(NCc3nnc(C4CCOC4)[nH]3)c3ccsc3n2)nc1,c1ccc(-c2nc(NCc3nnc(C4CCOC4)[nH]3)c3ccsc3n2)nc1,c1ccc(-c2nc(NCc3nnc(C4CCOC4)[nH]3)c3ccsc3n2)nc1,True,G_25hits_3series,0.9971104,0.04964658,0.21348313987255096,0.9049492,0.8411381,0.8682034,0.82628113,0.80875874
Z1514105447,c1cncc(-c2nc(NC3C4CCOC4C34CCCC4)c3ccccc3n2)c1,c1cncc(-c2nc(NC3C4CCOC4C34CCCC4)c3ccccc3n2)c1,c1cncc(-c2nc(NC3C4CCOC4C34CCCC4)c3ccccc3n2)c1,True,G_25hits_3series,0.9997053,0.057783216,0.20212766528129578,0.8859107,0.88391554,0.907939,0.83618927,0.82195765
Z103851462,c1csc(-c2noc(CN3CCCC3c3nc4ccccc4s3)n2)c1,c1csc(-c2noc(CN3CCCC3c3nc4ccccc4s3)n2)c1,c1csc(-c2noc(CN3CCCC3c3nc4ccccc4s3)n2)c1,True,G_25hits_3series,0.9990791,0.03799007,0.17894737422466278,0.8796531,0.8542694,0.862024,0.91864574,0.8526397
Z1486401153,c1cc(-c2nnc(Sc3ncnc4c3CCCCC4)[nH]2)ccn1,c1cc(-c2nnc(Sc3ncnc4c3CCCCC4)[nH]2)ccn1,c1cc(-c2nnc(Sc3ncnc4c3CCCCC4)[nH]2)ccn1,True,G_25hits_3series,0.99659884,0.028625572,0.11764705926179886,0.8784883,0.8729131,0.87763435,0.84980536,0.8073234
Z646299206,N#Cc1c(CCCNC(=O)c2cc[nH]n2)nn(-c2ccccc2)c1N,N#Cc1c(CCCNC(=O)c2cc[nH]n2)nn(-c2ccccc2)c1N,O=C(NCCCc1ccn(-c2ccccc2)n1)c1cc[nH]n1,True,G_25hits_3series,0.9798098,0.053248312,0.2750000059604645,0.88116753,0.8126453,0.7683056,0.7873929,0.7966704
Z271701294,N#Cc1ccc(Sc2nnc(-c3ccncc3)[nH]2)nc1,N#Cc1ccc(Sc2nnc(-c3ccncc3)[nH]2)nc1,c1ccc(Sc2nnc(-c3ccncc3)[nH]2)nc1,True,G_25hits_3series,0.98417693,0.07543579,0.4363636374473572,0.88440114,0.8232389,0.7960359,0.8060797,0.7937166
Z1166120842,c1csc(-c2cnc(CSc3nc4ccccc4[nH]3)o2)c1,c1csc(-c2cnc(CSc3nc4ccccc4[nH]3)o2)c1,c1csc(-c2cnc(CSc3nc4ccccc4[nH]3)o2)c1,True,G_25hits_3series,0.9901812,0.112607285,0.25641027092933655,0.89062977,0.83760476,0.84352577,0.885074,0.8306378
Z227390210,Nc1nc(CSc2nnc(C3CC3)[nH]2)nc2ccccc12,Nc1nc(CSc2nnc(C3CC3)[nH]2)nc2ccccc12,c1ccc2nc(CSc3nnc(C4CC4)[nH]3)ncc2c1,True,G_25hits_3series,0.9789053,0.067258224,0.2753623127937317,0.8805984,0.83777654,0.81468415,0.7968807,0.85731083
Z3071638732,c1cc(-c2noc(CC3CCCC3)n2)c2ncnn2c1,c1cc(-c2noc(CC3CCCC3)n2)c2ncnn2c1,c1cc(-c2noc(CC3CCCC3)n2)c2ncnn2c1,True,G_25hits_3series,0.98553985,0.0538295,0.25974026322364807,0.87672186,0.83641857,0.8589674,0.87063503,0.82371914
Z1470729432,c1cncc(-c2ncc(CN3CCOCC3)s2)c1,c1cncc(-c2ncc(CN3CCOCC3)s2)c1,c1cncc(-c2ncc(CN3CCOCC3)s2)c1,True,G_25hits_3series,0.9996849,0.14165851,0.2266666740179062,0.89113694,0.88135755,0.88973564,0.9290578,0.85926807
Z1137689680,Nc1nc(CSC2CCCCNC2=O)nc2ccccc12,Nc1nc(CSC2CCCCNC2=O)nc2ccccc12,O=C1NCCCCC1SCc1ncc2ccccc2n1,True,G_25hits_3series,0.9844512,0.11347907,0.46666666865348816,0.8846214,0.849977,0.8475608,0.8196857,0.8511293
Z2761779313,N#Cc1cccnc1NC[C@@H]1CCO[C@@H]1c1ncn[nH]1,N#Cc1cccnc1NCC1CCOC1c1ncn[nH]1,c1ccc(NCC2CCOC2c2ncn[nH]2)nc1,True,K_21hits_2series,0.9944746,0.016166858,0.21590909361839294,0.78491217,0.88308597,0.71705806,0.8437288,0.73588634
Z2384726393,N#Cc1nccnc1NC[C@@H]1CCCO[C@H]1c1ccn[nH]1,N#Cc1nccnc1NCC1CCCOC1c1ccn[nH]1,c1cnc(NCC2CCCOC2c2ccn[nH]2)cn1,True,K_21hits_2series,0.99303395,0.012466899,0.523809552192688,0.7825044,0.8806156,0.72455734,0.8353762,0.7501898
Z2736607304,N#Cc1nc(N2CCC(NC(N)=O)CC2)ccc1Cl,N#Cc1nc(N2CCC(NC(N)=O)CC2)ccc1Cl,c1ccc(N2CCCCC2)nc1,True,K_21hits_2series,0.99582934,0.030094914,0.18421052396297455,0.82941157,0.8862356,0.8129953,0.86868906,0.78758913
Z31254272,CCCNc1nc(CN2CCCC2)nc2sc(C)c(C)c12,CCCNc1nc(CN2CCCC2)nc2sc(C)c(C)c12,c1cc2cnc(CN3CCCC3)nc2s1,True,K_21hits_2series,0.9973601,0.041567244,0.1617647111415863,0.79943293,0.89132226,0.8621469,0.83332825,0.7929055
Z2379558295,N#Cc1cncnc1N1CCCC(c2nc3c(s2)CCCC3)C1,N#Cc1cncnc1N1CCCC(c2nc3c(s2)CCCC3)C1,c1cc(N2CCCC(c3nc4c(s3)CCCC4)C2)ncn1,True,K_21hits_2series,0.99725366,0.045729697,0.1807228922843933,0.7895332,0.89091265,0.8522574,0.8830896,0.8126723
Z2384709145,N#Cc1ncccc1NC[C@@H]1CCCO[C@H]1c1cn[nH]c1,N#Cc1ncccc1NCC1CCCOC1c1cn[nH]c1,c1cncc(NCC2CCCOC2c2cn[nH]c2)c1,True,K_21hits_2series,0.9936642,0.031551976,0.5230769515037537,0.7821496,0.8816686,0.72976387,0.85420895,0.757169
Z2368657873,N#Cc1cnc(N2CCCC(C3CCNC3)C2)c(Cl)c1,N#Cc1cnc(N2CCCC(C3CCNC3)C2)c(Cl)c1,c1ccc(N2CCCC(C3CCNC3)C2)nc1,True,K_21hits_2series,0.99348825,0.032288697,0.30136987566947937,0.79280066,0.8813511,0.80883414,0.87547576,0.8155914
Z2179169555,N#Cc1ncccc1N1CCCC(N2CCNC2=O)C1,N#Cc1ncccc1N1CCCC(N2CCNC2=O)C1,O=C1NCCN1C1CCCN(c2cccnc2)C1,True,K_21hits_2series,0.9976343,0.061114818,0.2857142984867096,0.77985734,0.89242923,0.78744173,0.90508914,0.7744379
Z1626099971,c1ccc(-c2cn(C3CN(c4ncnc5sc6c(c45)CCC6)C3)nn2)cc1,c1ccc(-c2cn(C3CN(c4ncnc5sc6c(c45)CCC6)C3)nn2)cc1,c1ccc(-c2cn(C3CN(c4ncnc5sc6c(c45)CCC6)C3)nn2)cc1,True,K_21hits_2series,0.9990136,0.059846025,0.22891566157341003,0.845845,0.8875934,0.89215076,0.8716575,0.8531523
Z2274022684,N#Cc1cc(Br)cnc1NC1CC12CCOCC2,N#Cc1cc(Br)cnc1NC1CC12CCOCC2,c1ccc(NC2CC23CCOCC3)nc1,True,K_21hits_2series,0.9933695,0.04507893,0.21917808055877686,0.759462,0.88112867,0.7610868,0.8967362,0.7768692
Z1507094978,Cc1sc2ncnc(NC[C@H]3CCCN3S(C)(=O)=O)c2c1C,Cc1sc2ncnc(NCC3CCCN3S(C)(=O)=O)c2c1C,c1nc(NCC2CCCN2)c2ccsc2n1,True,K_21hits_2series,0.9989072,0.07298006,0.35384616255760193,0.85647905,0.9016763,0.87928474,0.8539144,0.861781
Z64579953,c1cn(-c2ncnc3sc4c(c23)CCCCC4)cn1,c1cn(-c2ncnc3sc4c(c23)CCCCC4)cn1,c1cn(-c2ncnc3sc4c(c23)CCCCC4)cn1,True,K_21hits_2series,0.99816227,0.021868235,0.4000000059604645,0.8142997,0.8704282,0.88479227,0.83227694,0.7886887
Z2379557512,c1nc(NCCn2cnnc2)c2c3c(sc2n1)CCCC3,c1nc(NCCn2cnnc2)c2c3c(sc2n1)CCCC3,c1nc(NCCn2cnnc2)c2c3c(sc2n1)CCCC3,True,AF_7confirmed,0.9991241,0.013191338,0.4464285671710968,0.82638216,0.8307067,0.8931409,0.8010916,0.8355705
Z328670796,Cc1nc(NCCc2nnc3n2CCCCC3)c2c3c(sc2n1)CCC3,Cc1nc(NCCc2nnc3n2CCCCC3)c2c3c(sc2n1)CCC3,c1nc(NCCc2nnc3n2CCCCC3)c2c3c(sc2n1)CCC3,True,AF_7confirmed,0.9960954,0.0058241617,0.36231884360313416,0.76761776,0.8183968,0.8758882,0.7917199,0.8453211
Z64632059,c1nc(Sc2nnc(CN3CCCC3)o2)c2c3c(sc2n1)CCCC3,c1nc(Sc2nnc(CN3CCCC3)o2)c2c3c(sc2n1)CCCC3,c1nc(Sc2nnc(CN3CCCC3)o2)c2c3c(sc2n1)CCCC3,True,AF_7confirmed,0.998281,0.018536633,0.421875,0.8503338,0.83462775,0.88561594,0.78435993,0.86178416
Z1334451495,c1[nH]nnc1CNc1nc(C2CC2)nc2sc3c(c12)CCCC3,c1[nH]nnc1CNc1nc(C2CC2)nc2sc3c(c12)CCCC3,c1[nH]nnc1CNc1nc(C2CC2)nc2sc3c(c12)CCCC3,True,AF_7confirmed,0.99657017,0.010621012,0.3466666638851166,0.7953454,0.8333077,0.8775344,0.80349505,0.8321406
Z52584339,CNC(=O)CNc1nc(C)nc2sc3c(c12)CCC3,CNC(=O)CNc1nc(C)nc2sc3c(c12)CCC3,c1ncc2c3c(sc2n1)CCC3,True,AF_7confirmed,0.9997503,0.02880975,0.5,0.7857356,0.8450074,0.9097928,0.8533567,0.81497216
Z373214914,c1nc(N2CCCC(c3nnc4n3CCCCC4)C2)c2[nH]cnc2n1,c1nc(N2CCCC(c3nnc4n3CCCCC4)C2)c2[nH]cnc2n1,c1nc(N2CCCC(c3nnc4n3CCCCC4)C2)c2[nH]cnc2n1,True,AF_7confirmed,0.9971104,0.0160277,0.29870128631591797,0.8376082,0.83344746,0.8795819,0.82069814,0.8393095
Z2974918065,c1nc(N2CCCC(c3nc4c(s3)CCC4)C2)c2cn[nH]c2n1,c1nc(N2CCCC(c3nc4c(s3)CCC4)C2)c2cn[nH]c2n1,c1nc(N2CCCC(c3nc4c(s3)CCC4)C2)c2cn[nH]c2n1,True,AF_7confirmed,0.99979126,0.03318913,0.578125,0.85148096,0.8638947,0.91249156,0.8261731,0.8515406
Z194421928,Nc1nc(CSc2nnnn2C2CCCC2)nc2sc3c(c12)CCCCC3,Nc1nc(CSc2nnnn2C2CCCC2)nc2sc3c(c12)CCCCC3,c1nc(CSc2nnnn2C2CCCC2)nc2sc3c(c12)CCCCC3,True,AF_7confirmed,0.99618953,0.019322466,0.29487180709838867,0.8155882,0.8491349,0.87618244,0.8002038,0.8553348
Z1139219789,c1nc(N2CCc3c(ncn3C3CC3)C2)c2sccc2n1,c1nc(N2CCc3c(ncn3C3CC3)C2)c2sccc2n1,c1nc(N2CCc3c(ncn3C3CC3)C2)c2sccc2n1,True,AF_7confirmed,0.99893177,0.03689318,0.21794871985912323,0.8668208,0.85293424,0.890355,0.81488824,0.81324303
Z2899228029,c1cc2c(c(-c3noc(C4CCCSC4)n3)n1)CCCC2,c1cc2c(c(-c3noc(C4CCCSC4)n3)n1)CCCC2,c1cc2c(c(-c3noc(C4CCCSC4)n3)n1)CCCC2,True,AF_7confirmed,0.99784714,0.033758037,0.20270270109176636,0.8357666,0.8503192,0.8831361,0.84415734,0.8332384
Z1139408529,c1csc(-c2noc(CNC3CCc4ncnn4C3)n2)c1,c1csc(-c2noc(CNC3CCc4ncnn4C3)n2)c1,c1csc(-c2noc(CNC3CCc4ncnn4C3)n2)c1,True,O_4hits_3series,0.99913234,0.007334433,0.3815789520740509,0.85202706,0.8114433,0.8240532,0.91936606,0.84876597
Z1139230583,c1coc(-c2noc(CN3CCc4cncnc4C3)n2)c1,c1coc(-c2noc(CN3CCc4cncnc4C3)n2)c1,c1coc(-c2noc(CN3CCc4cncnc4C3)n2)c1,True,O_4hits_3series,0.9988581,0.013919869,0.2602739632129669,0.83156914,0.81239694,0.8273318,0.91626865,0.87072766
Z2582963213,Cc1cc(NCc2cnc(C)nc2N)n2nc(C(F)(F)F)nc2n1,Cc1cc(NCc2cnc(C)nc2N)n2nc(C(F)(F)F)nc2n1,c1ncc(CNc2ccnc3ncnn23)cn1,True,O_4hits_3series,0.99888676,0.020861387,0.12820513546466827,0.8010825,0.79705536,0.7611395,0.9165032,0.81662536
Z3077844034,Cc1cc(NCc2nocc2C)n2nc(C(F)(F)F)nc2n1,Cc1cc(NCc2nocc2C)n2nc(C(F)(F)F)nc2n1,c1cc(NCc2ccon2)n2ncnc2n1,True,O_4hits_3series,0.997311,0.01567162,0.5593220591545105,0.79723907,0.81144094,0.7607245,0.90692323,0.79995996
Z1139472450,c1csc(-c2noc(CN3CCCCC3Cn3cccn3)n2)c1,c1csc(-c2noc(CN3CCCCC3Cn3cccn3)n2)c1,c1csc(-c2noc(CN3CCCCC3Cn3cccn3)n2)c1,True,O_4hits_3series,0.99510086,0.0126306135,0.5142857432365417,0.8243705,0.80181473,0.8215584,0.90012014,0.8244347
Z751661722,c1coc(-c2noc(CN3CCC(c4nnc5n4CCC5)CC3)n2)c1,c1coc(-c2noc(CN3CCC(c4nnc5n4CCC5)CC3)n2)c1,c1coc(-c2noc(CN3CCC(c4nnc5n4CCC5)CC3)n2)c1,True,O_4hits_3series,0.997798,0.028318606,0.45588234066963196,0.8098464,0.80572516,0.8244972,0.9085151,0.8534799
Z1139738872,c1csc(-c2noc(CN3CCc4c(ncn4C4CC4)C3)n2)c1,c1csc(-c2noc(CN3CCc4c(ncn4C4CC4)C3)n2)c1,c1csc(-c2noc(CN3CCc4c(ncn4C4CC4)C3)n2)c1,True,O_4hits_3series,0.99861664,0.03532561,0.4383561611175537,0.843731,0.83462536,0.8621565,0.9140338,0.8557509
Z367557450,c1csc(-c2noc(CN3CCCC(c4nc5ccccc5o4)C3)n2)c1,c1csc(-c2noc(CN3CCCC(c4nc5ccccc5o4)C3)n2)c1,c1csc(-c2noc(CN3CCCC(c4nc5ccccc5o4)C3)n2)c1,True,O_4hits_3series,0.99969715,0.041100655,0.5285714268684387,0.8567672,0.83154184,0.84731317,0.9296024,0.8750942
Z135299510,c1csc(-c2noc(CCCN3CCNCC3)n2)c1,c1csc(-c2noc(CCCN3CCNCC3)n2)c1,c1csc(-c2noc(CCCN3CCNCC3)n2)c1,True,O_4hits_3series,0.9928088,0.007936086,0.446153849363327,0.83720386,0.8003519,0.8105591,0.8958417,0.80355275
Z1759786324,C1CCc2[nH]c(C3CCCN3Cc3nnc(C4CC4)n3C3CC3)nc2C1,C1CCc2[nH]c(C3CCCN3Cc3nnc(C4CC4)n3C3CC3)nc2C1,C1CCc2[nH]c(C3CCCN3Cc3nnc(C4CC4)n3C3CC3)nc2C1,True,AD_2hits_2series,0.99358237,0.011750646,0.2469135820865631,0.7225349,0.77105176,0.75734246,0.7565181,0.89775634
Z1317602900,C1CCc2nnc(C3CCCN(c4nc(C5CC5)ns4)C3)n2CC1,C1CCc2nnc(C3CCCN(c4nc(C5CC5)ns4)C3)n2CC1,C1CCc2nnc(C3CCCN(c4nc(C5CC5)ns4)C3)n2CC1,True,AD_2hits_2series,0.9928866,0.02563368,0.484375,0.7465265,0.7642874,0.7986584,0.7993243,0.8964512
Z2346753481,c1nc(NC2CC2)cc(N2CCCC(c3nnc4n3CCCCC4)C2)n1,c1nc(NC2CC2)cc(N2CCCC(c3nnc4n3CCCCC4)C2)n1,c1nc(NC2CC2)cc(N2CCCC(c3nnc4n3CCCCC4)C2)n1,True,AD_2hits_2series,0.99508446,0.046384558,0.5384615659713745,0.8144084,0.8225782,0.87304616,0.81812376,0.8962207
Z1993862266,Cc1sc2ncnc(SCc3ncnn3CCF)c2c1C,Cc1sc2ncnc(SCc3ncnn3CCF)c2c1C,c1n[nH]c(CSc2ncnc3sccc23)n1,True,AD_2hits_2series,0.99645555,0.06740966,0.30000001192092896,0.83634126,0.79212284,0.7501117,0.78356856,0.90539825
Z20233822,Cc1nc(SCC(=O)Nc2ccc3c(c2)OCO3)c2c3c(sc2n1)CCC3,Cc1nc(SCC(=O)Nc2ccc3c(c2)OCO3)c2c3c(sc2n1)CCC3,O=C(CSc1ncnc2sc3c(c12)CCC3)Nc1ccc2c(c1)OCO2,True,AD_2hits_2series,0.9913886,0.0540587,0.43478259444236755,0.79923594,0.83078706,0.85544145,0.8130208,0.89381087
Z1142722891,c1nc2c(c(N3CCn4c(nnc4C4CC4)C3)n1)CCC2,c1nc2c(c(N3CCn4c(nnc4C4CC4)C3)n1)CCC2,c1nc2c(c(N3CCn4c(nnc4C4CC4)C3)n1)CCC2,True,AD_2hits_2series,0.99015254,0.019089172,0.3787878751754761,0.77126503,0.81649894,0.8643614,0.79910874,0.883981
Z196942724,Cc1sc2ncnc(SCc3nccn3C(F)F)c2c1C,Cc1sc2ncnc(SCc3nccn3C(F)F)c2c1C,c1c[nH]c(CSc2ncnc3sccc23)n1,True,AD_2hits_2series,0.99623865,0.09080044,0.5714285969734192,0.84309226,0.8186693,0.7802254,0.82144403,0.90473604
