CatalogID,canonical,scaffold,SMILES,consensus_rank_score,historical_G_rank_fraction,DEL_ECFP_rank_fraction,DEL_FCFP_rank_fraction
Z70895572,CC(c1ccc(S(N)(=O)=O)cc1)N(C)C(=O)CCc1nc2ccccc2c(=O)[nH]1,O=C(CCc1nc2ccccc2c(=O)[nH]1)NCc1ccccc1,CC(c1ccc(S(N)(=O)=O)cc1)N(C)C(=O)CCc1nc2ccccc2c(=O)[nH]1,0.99749353,0.99833011,0.99614043,0.99633689
Z167936780,Cc1occc1C(=O)OCc1nc(N)c2ccccc2n1,O=C(OCc1ncc2ccccc2n1)c1ccoc1,Cc1occc1C(=O)OCc1nc(N)c2ccccc2n1,0.99554615,0.99568203,0.99503536,0.99564929
Z275051416,COCCN(Cc1nc2ccccc2c(=O)[nH]1)C(=O)c1cnc2onc(C)c2c1,O=C(NCc1nc2ccccc2c(=O)[nH]1)c1cnc2oncc2c1,COCCN(Cc1nc2ccccc2c(=O)[nH]1)C(=O)c1cnc2onc(C)c2c1,0.9950812,0.99651288,0.9987967,0.98707066
Z1609621926,CC(CCC(=O)O)NC(=O)CCCc1nc2ccccc2c(=O)[nH]1,O=c1[nH]cnc2ccccc12,CC(CCC(=O)O)NC(=O)CCCc1nc2ccccc2c(=O)[nH]1,0.99444272,0.99521136,0.9976507,0.98892882
Z220379492,CC(C)c1noc2ncc(C(=O)N(C)Cc3nc4ccccc4c(=O)[nH]3)cc12,O=C(NCc1nc2ccccc2c(=O)[nH]1)c1cnc2oncc2c1,CC(C)c1noc2ncc(C(=O)N(C)Cc3nc4ccccc4c(=O)[nH]3)cc12,0.99439196,0.99373793,0.99858796,0.99215808
Z872443478,COC(=O)C(C)(C)NC(=O)Cc1cc(=O)oc2cc(OC)ccc12,O=c1ccc2ccccc2o1,COC(=O)C(C)(C)NC(=O)Cc1cc(=O)oc2cc(OC)ccc12,0.99428309,0.99401624,0.99607495,0.9932918
Z30085094,CN(Cc1nc2ccccc2c(=O)[nH]1)C(=O)c1cc(O)nc2ccccc12,O=C(NCc1nc2ccccc2c(=O)[nH]1)c1ccnc2ccccc12,CN(Cc1nc2ccccc2c(=O)[nH]1)C(=O)c1cc(O)nc2ccccc12,0.99421188,0.99608723,0.99016077,0.99263695
Z168080910,Nc1nc(COC(=O)c2ccoc2)nc2ccccc12,O=C(OCc1ncc2ccccc2n1)c1ccoc1,Nc1nc(COC(=O)c2ccoc2)nc2ccccc12,0.99406535,0.99591123,0.98481959,0.99777348
Z840371536,COC(=O)c1ccc2c(=O)[nH]c(CN(C)c3cccc(C(C)C)c3)nc2c1,O=c1[nH]c(CNc2ccccc2)nc2ccccc12,COC(=O)c1ccc2c(=O)[nH]c(CN(C)c3cccc(C(C)C)c3)nc2c1,0.99401542,0.99590714,0.99688124,0.98547444
Z73274822,CCCCn1c(N)c(N(C)C(=O)c2cnc3ccccc3n2)c(=O)[nH]c1=O,O=C(Nc1c[nH]c(=O)[nH]c1=O)c1cnc2ccccc2n1,CCCCn1c(N)c(N(C)C(=O)c2cnc3ccccc3n2)c(=O)[nH]c1=O,0.99396549,0.99406126,0.99674208,0.99090157
Z166712970,COc1cc2c(cc1OC)CN(C(=O)Nc1cccnc1)CC2,O=C(Nc1cccnc1)N1CCc2ccccc2C1,COc1cc2c(cc1OC)CN(C(=O)Nc1cccnc1)CC2,0.99379768,0.99641466,0.99538735,0.98435709
Z44555976,CN(Cc1nc2ccccc2c(=O)[nH]1)Cc1cc(=O)oc2cc3c(cc12)CCC3,O=c1cc(CNCc2nc3ccccc3c(=O)[nH]2)c2cc3c(cc2o1)CCC3,CN(Cc1nc2ccccc2c(=O)[nH]1)Cc1cc(=O)oc2cc3c(cc12)CCC3,0.99376985,0.9908279,0.99835876,0.99800678
Z1694470249,CC(C#N)N(C)S(=O)(=O)c1cccc2ncccc12,c1ccc2ncccc2c1,CC(C#N)N(C)S(=O)(=O)c1cccc2ncccc12,0.99359058,0.99683622,0.97847156,0.99897269
Z26907866,COc1ccccc1C(C)NC(=O)Cn1cnc2ccccc2c1=O,O=C(Cn1cnc2ccccc2c1=O)NCc1ccccc1,COc1ccccc1C(C)NC(=O)Cn1cnc2ccccc2c1=O,0.99342441,0.99642693,0.98366949,0.99417177
Z1696071496,CC(CO)Nc1c(C#N)cnc2ccc(OC(F)F)cc12,c1ccc2ncccc2c1,CC(CO)Nc1c(C#N)cnc2ccc(OC(F)F)cc12,0.99316083,0.99900544,0.99390983,0.97487803
Z66755057,COc1ccc(-c2nnc(SCC(=O)NC3CCCc4ccccc43)o2)c(OC)c1,O=C(CSc1nnc(-c2ccccc2)o1)NC1CCCc2ccccc21,COc1ccc(-c2nnc(SCC(=O)NC3CCCc4ccccc43)o2)c(OC)c1,0.99314037,0.99143774,0.99799041,0.99339822
Z1229705307,CN(C(=O)C1COc2ccccc2C1)c1cc(C#N)c2ccccc2n1,O=C(Nc1ccc2ccccc2n1)C1COc2ccccc2C1,CN(C(=O)C1COc2ccccc2C1)c1cc(C#N)c2ccccc2n1,0.99311745,0.99464654,0.99210897,0.98953865
Z73284191,COCCN(C(=O)c1cnc2ccccc2n1)c1c(N)n(Cc2ccccc2)c(=O)[nH]c1=O,O=C(Nc1cn(Cc2ccccc2)c(=O)[nH]c1=O)c1cnc2ccccc2n1,COCCN(C(=O)c1cnc2ccccc2n1)c1c(N)n(Cc2ccccc2)c(=O)[nH]c1=O,0.99289971,0.99194116,0.99328771,0.99538735
Z316448726,CN(Cc1nc2ccccc2c(=O)[nH]1)C(=O)c1ccn(C)c(=O)c1,O=C(NCc1nc2ccccc2c(=O)[nH]1)c1cc[nH]c(=O)c1,CN(Cc1nc2ccccc2c(=O)[nH]1)C(=O)c1ccn(C)c(=O)c1,0.99288825,0.99643921,0.9909998,0.9841238
Z1367458816,CN(C(=O)c1ccc2ccc(Cl)cc2n1)c1cccnc1,O=C(Nc1cccnc1)c1ccc2ccccc2n1,CN(C(=O)c1ccc2ccc(Cl)cc2n1)c1cccnc1,0.99282522,0.99741331,0.99431093,0.97757523
Z1023111082,O=C(c1cccc2ncccc12)N1CCCC(c2ccn[nH]2)C1,O=C(c1cccc2ncccc12)N1CCCC(c2ccn[nH]2)C1,O=C(c1cccc2ncccc12)N1CCCC(c2ccn[nH]2)C1,0.99277529,0.98888789,0.99888265,0.99833011
Z44555989,Cc1ccc2c(CN(C)Cc3nc4ccccc4c(=O)[nH]3)cc(=O)oc2c1C,O=c1cc(CNCc2nc3ccccc3c(=O)[nH]2)c2ccccc2o1,Cc1ccc2c(CN(C)Cc3nc4ccccc4c(=O)[nH]3)cc(=O)oc2c1C,0.99272453,0.98978832,0.99794129,0.99631643
Z84959970,CCN(Cc1nc2ccccc2c(=O)[nH]1)C(=O)c1n[nH]c2ccccc12,O=C(NCc1nc2ccccc2c(=O)[nH]1)c1n[nH]c2ccccc12,CCN(Cc1nc2ccccc2c(=O)[nH]1)C(=O)c1n[nH]c2ccccc12,0.99253463,0.99479388,0.99089339,0.98739809
Z2628877909,CNC(=O)C1CCCN(C(=O)c2ccc3c(NC)ncnc3c2)C1,O=C(c1ccc2cncnc2c1)N1CCCCC1,CNC(=O)C1CCCN(C(=O)c2ccc3c(NC)ncnc3c2)C1,0.99252398,0.99299712,0.98735307,0.9962755
Z44556098,CN(Cc1nc2ccccc2c(=O)[nH]1)C(C(=O)NC(N)=O)c1ccccc1,O=c1[nH]c(CNCc2ccccc2)nc2ccccc12,CN(Cc1nc2ccccc2c(=O)[nH]1)C(C(=O)NC(N)=O)c1ccccc1,0.99238974,0.9946711,0.99613634,0.98179906
Z1579910866,CC(c1cccnc1)N(C)Cc1csc(COc2ccccc2)n1,c1ccc(OCc2nc(CNCc3cccnc3)cs2)cc1,CC(c1cccnc1)N(C)Cc1csc(COc2ccccc2)n1,0.9923308,0.99244868,0.99697538,0.9873326
Z651070820,COC(=O)c1ccc2c(=O)[nH]c(CN(C)c3ccccc3OC)nc2c1,O=c1[nH]c(CNc2ccccc2)nc2ccccc12,COC(=O)c1ccc2c(=O)[nH]c(CN(C)c3ccccc3OC)nc2c1,0.99232835,0.9978226,0.99289889,0.97527504
Z167928542,COc1ccc(C(=O)OCc2nc(N)c3ccccc3n2)cc1F,O=C(OCc1ncc2ccccc2n1)c1ccccc1,COc1ccc(C(=O)OCc2nc(N)c3ccccc3n2)cc1F,0.99232671,0.99438869,0.97970351,0.99876396
Z1869742271,Cc1cc(C(=O)N(CCC(=O)O)C2CCOCC2)nc2ccccc12,O=C(NC1CCOCC1)c1ccc2ccccc2n1,Cc1cc(C(=O)N(CCC(=O)O)C2CCOCC2)nc2ccccc12,0.99232589,0.99250188,0.99891949,0.98520432
Z45500529,COCCN(Cc1nc2ccccc2c(=O)[nH]1)S(=O)(=O)c1ccc2ccccc2c1,O=c1[nH]c(CNS(=O)(=O)c2ccc3ccccc3c2)nc2ccccc12,COCCN(Cc1nc2ccccc2c(=O)[nH]1)S(=O)(=O)c1ccc2ccccc2c1,0.99225795,0.99685668,0.99434367,0.97637602
Z101493776,CCN(Cc1nc2ccccc2c(=O)[nH]1)C(=O)CCc1cccnc1,O=C(CCc1cccnc1)NCc1nc2ccccc2c(=O)[nH]1,CCN(Cc1nc2ccccc2c(=O)[nH]1)C(=O)CCc1cccnc1,0.99219164,0.99975443,0.99773665,0.96395829
Z381104606,COc1ccc(NC(=O)c2ccccc2[N+](=O)[O-])cc1OCc1cccnc1,O=C(Nc1cccc(OCc2cccnc2)c1)c1ccccc1,COc1ccc(NC(=O)c2ccccc2[N+](=O)[O-])cc1OCc1cccnc1,0.99213025,0.99038587,0.99925101,0.99024262
Z28498837,COCCN(Cc1nc2ccccc2c(=O)[nH]1)C(=O)c1cc(C)nc2ccccc12,O=C(NCc1nc2ccccc2c(=O)[nH]1)c1ccnc2ccccc12,COCCN(Cc1nc2ccccc2c(=O)[nH]1)C(=O)c1cc(C)nc2ccccc12,0.99208605,0.99338594,0.9931772,0.98709522
Z381114898,CN(C(=O)c1cc(O)nc2ccccc12)c1nccs1,O=C(Nc1nccs1)c1ccnc2ccccc12,CN(C(=O)c1cc(O)nc2ccccc12)c1nccs1,0.99206722,0.99496169,0.98867915,0.98677188
Z29862483,COc1cc2c(cc1OC)CN(C(=O)COc1ccc3ccc(=O)oc3c1)CC2,O=C(COc1ccc2ccc(=O)oc2c1)N1CCc2ccccc2C1,COc1cc2c(cc1OC)CN(C(=O)COc1ccc3ccc(=O)oc3c1)CC2,0.99204921,0.98947726,0.99775711,0.99405717
Z199478094,CN(Cc1nc2ccccc2c(=O)[nH]1)C1CC(=O)N(c2ccccc2)C1=O,O=C1CC(NCc2nc3ccccc3c(=O)[nH]2)C(=O)N1c1ccccc1,CN(Cc1nc2ccccc2c(=O)[nH]1)C1CC(=O)N(c2ccccc2)C1=O,0.991987,0.99196981,0.99080744,0.99321813
Z1455269108,CN(CCC(=O)O)C(=O)CCNC(=O)c1[nH]nc2ccccc12,c1ccc2n[nH]cc2c1,CN(CCC(=O)O)C(=O)CCNC(=O)c1[nH]nc2ccccc12,0.99195508,0.99605448,0.97685898,0.99475296
Z2188301719,COc1cc(OC)cc(-c2cccc(NC(=O)C3CCN(CC(F)(F)F)C3)n2)c1,O=C(Nc1cccc(-c2ccccc2)n1)C1CCNC1,COc1cc(OC)cc(-c2cccc(NC(=O)C3CCN(CC(F)(F)F)C3)n2)c1,0.99188714,0.98938722,0.99345552,0.99781851
Z246726792,CN(CCC(=O)Nc1ccc(C#N)cc1)Cc1nc2ccccc2c(=O)[nH]1,O=C(CCNCc1nc2ccccc2c(=O)[nH]1)Nc1ccccc1,CN(CCC(=O)Nc1ccc(C#N)cc1)Cc1nc2ccccc2c(=O)[nH]1,0.99174716,0.99916506,0.99613225,0.96510838
Z44556013,CC(C(=O)Nc1ccccc1C#N)N(C)Cc1nc2ccccc2c(=O)[nH]1,O=C(CNCc1nc2ccccc2c(=O)[nH]1)Nc1ccccc1,CC(C(=O)Nc1ccccc1C#N)N(C)Cc1nc2ccccc2c(=O)[nH]1,0.99168249,0.99823189,0.99126993,0.97244687
Z229149110,COc1cc2c(cc1OC)CN(C(=O)c1cccc3ncccc13)CC2,O=C(c1cccc2ncccc12)N1CCc2ccccc2C1,COc1cc2c(cc1OC)CN(C(=O)c1cccc3ncccc13)CC2,0.99168167,0.99076242,0.98984152,0.99627959
Z1303266654,CC(NC(=O)CNc1ccc(C#N)cc1)c1cccc(-n2cccn2)c1,O=C(CNc1ccccc1)NCc1cccc(-n2cccn2)c1,CC(NC(=O)CNc1ccc(C#N)cc1)c1cccc(-n2cccn2)c1,0.99167349,0.99830146,0.97516863,0.98829442
Z30082480,CCN(Cc1nc2ccccc2c(=O)[nH]1)C(=O)CC(NC(C)=O)c1ccccc1,O=C(CCc1ccccc1)NCc1nc2ccccc2c(=O)[nH]1,CCN(Cc1nc2ccccc2c(=O)[nH]1)C(=O)CC(NC(C)=O)c1ccccc1,0.9916121,0.99116761,0.99869029,0.98586736
Z1347653253,COc1ccc(CNc2ccc([N+](=O)[O-])c(N)n2)cc1,c1ccc(CNc2ccccn2)cc1,COc1ccc(CNc2ccc([N+](=O)[O-])c(N)n2)cc1,0.99143037,0.9899684,0.99940654,0.98784012
Z1682301722,CN(c1cccc2ncccc12)S(=O)(=O)c1c[nH]c(C(=O)O)c1,O=S(=O)(Nc1cccc2ncccc12)c1cc[nH]c1,CN(c1cccc2ncccc12)S(=O)(=O)c1c[nH]c(C(=O)O)c1,0.99139845,0.98775826,0.99413084,0.99958662
Z337975702,COc1ccc(C(C)NC(=O)CCc2nc3ccccc3c(=O)[nH]2)cc1,O=C(CCc1nc2ccccc2c(=O)[nH]1)NCc1ccccc1,COc1ccc(C(C)NC(=O)CCc2nc3ccccc3c(=O)[nH]2)cc1,0.99126911,0.99884581,0.97480845,0.98499967
Z1120999245,COc1ccc(C(CO)NC(=O)c2nc3ccccc3c(=O)[nH]2)cc1,O=C(NCc1ccccc1)c1nc2ccccc2c(=O)[nH]1,COc1ccc(C(CO)NC(=O)c2nc3ccccc3c(=O)[nH]2)cc1,0.99122819,0.99914869,0.97098163,0.98771324
Z44496244,COc1ccc2c(CNc3ccc(F)cc3)cc(=O)oc2c1,O=c1cc(CNc2ccccc2)c2ccccc2o1,COc1ccc2c(CNc3ccc(F)cc3)cc(=O)oc2c1,0.99116024,0.98800383,0.99811319,0.99367653
Z30085272,CN(Cc1nc2ccccc2c(=O)[nH]1)C(=O)c1ccc(S(=O)(=O)N(C)C)cc1,O=C(NCc1nc2ccccc2c(=O)[nH]1)c1ccccc1,CN(Cc1nc2ccccc2c(=O)[nH]1)C(=O)c1ccc(S(=O)(=O)N(C)C)cc1,0.99108739,0.99535051,0.99531368,0.97407174
Z1187972967,CCC(Nc1ccc(NS(C)(=O)=O)c(OC)c1)c1ccccc1,c1ccc(CNc2ccccc2)cc1,CCC(Nc1ccc(NS(C)(=O)=O)c(OC)c1)c1ccccc1,0.99099735,0.99551423,0.97823827,0.99020579
