CatalogID,SMILES,canonical,scaffold,valid,ecfp_to_active,erg_to_active,chemberta_to_active,descriptor_to_active,score
Z2513114180,Cc1ccc(C(=O)N2C[C@@H]3CCC[C@]3(CNc3ccc4nnc(C)n4n3)C2)cc1,Cc1ccc(C(=O)N2CC3CCCC3(CNc3ccc4nnc(C)n4n3)C2)cc1,O=C(c1ccccc1)N1CC2CCCC2(CNc2ccc3nncn3n2)C1,True,0.14432989,0.7064343,0.8441528,0.6632196,0.9980276
Z2442310748,Fc1ccc(Oc2ccc(-c3noc(C4CC45CCNC5)n3)cn2)cc1,Fc1ccc(Oc2ccc(-c3noc(C4CC45CCNC5)n3)cn2)cc1,c1ccc(Oc2ccc(-c3noc(C4CC45CCNC5)n3)cn2)cc1,True,0.16129032,0.60868776,0.87319916,0.6847968,0.99761575
Z2158253624,c1cc2cc(-c3noc(C4COCCN4C4CCCC4)n3)ccc2s1,c1cc2cc(-c3noc(C4COCCN4C4CCCC4)n3)ccc2s1,c1cc2cc(-c3noc(C4COCCN4C4CCCC4)n3)ccc2s1,True,0.14285715,0.6059764,0.8693182,0.6645823,0.997188
Z1437744165,c1ccc(N2CCC(NC3CC4(CCC4)Oc4ccccc43)CC2)nc1,c1ccc(N2CCC(NC3CC4(CCC4)Oc4ccccc43)CC2)nc1,c1ccc(N2CCC(NC3CC4(CCC4)Oc4ccccc43)CC2)nc1,True,0.1764706,0.60063154,0.87792325,0.672512,0.997157
Z3278111517,c1cn2cncc2cc1-c1noc(C2CNCC23CCCCC3)n1,c1cn2cncc2cc1-c1noc(C2CNCC23CCCCC3)n1,c1cn2cncc2cc1-c1noc(C2CNCC23CCCCC3)n1,True,0.18181819,0.6816761,0.84936064,0.62381417,0.9968227
Z1695924230,Cc1ccc2nc(C3CC3)cc(-c3nc(C4COCCN4)no3)c2c1,Cc1ccc2nc(C3CC3)cc(-c3nc(C4COCCN4)no3)c2c1,c1ccc2c(-c3nc(C4COCCN4)no3)cc(C3CC3)nc2c1,True,0.1521739,0.63873553,0.83985317,0.6581975,0.9967307
Z2347622028,c1ccc(C2CN(c3cc(NC4CC4)ncn3)C3CCOCC23)cc1,c1ccc(C2CN(c3cc(NC4CC4)ncn3)C3CCOCC23)cc1,c1ccc(C2CN(c3cc(NC4CC4)ncn3)C3CCOCC23)cc1,True,0.17045455,0.6128241,0.9130769,0.6320108,0.9967195
Z2193886274,Clc1ccc(CCN2C[C@H]3CCC[C@@]3(c3nc(-c4cnccn4)no3)C2)cc1,Clc1ccc(CCN2CC3CCCC3(c3nc(-c4cnccn4)no3)C2)cc1,c1ccc(CCN2CC3CCCC3(c3nc(-c4cnccn4)no3)C2)cc1,True,0.17894737,0.62128764,0.86300015,0.6319931,0.99664444
Z1220622283,c1ccc(-c2nc3c(c(N4CCCC(c5ncc[nH]5)C4)n2)CCC3)nc1,c1ccc(-c2nc3c(c(N4CCCC(c5ncc[nH]5)C4)n2)CCC3)nc1,c1ccc(-c2nc3c(c(N4CCCC(c5ncc[nH]5)C4)n2)CCC3)nc1,True,0.13829787,0.587105,0.88530636,0.6963497,0.99654686
Z2274360341,COC1CC(N(C)c2ncnc3c2cnn3-c2ccccc2)C12CCC2,COC1CC(N(C)c2ncnc3c2cnn3-c2ccccc2)C12CCC2,c1ccc(-n2ncc3c(NC4CCC45CCC5)ncnc32)cc1,True,0.17777778,0.6934139,0.8412852,0.61661637,0.99592036
Z2261336465,c1ccc(Cc2nnc3n2CC(NC2CCOC4(CCC4)C2)CC3)cc1,c1ccc(Cc2nnc3n2CC(NC2CCOC4(CCC4)C2)CC3)cc1,c1ccc(Cc2nnc3n2CC(NC2CCOC4(CCC4)C2)CC3)cc1,True,0.19101124,0.7040866,0.8545843,0.6029506,0.9957813
Z2348269720,Cn1ncc2c(N)nc(N3CC(c4ccccc4)C4(CCC4)C3)nc21,Cn1ncc2c(N)nc(N3CC(c4ccccc4)C4(CCC4)C3)nc21,c1ccc(C2CN(c3ncc4cn[nH]c4n3)CC23CCC3)cc1,True,0.17045455,0.64897835,0.8529888,0.60977834,0.99576885
Z1400712826,Clc1ccc(-c2nc3sccn3c2CN2CCOC(C3CCCO3)C2)cc1,Clc1ccc(-c2nc3sccn3c2CN2CCOC(C3CCCO3)C2)cc1,c1ccc(-c2nc3sccn3c2CN2CCOC(C3CCCO3)C2)cc1,True,0.1368421,0.6858988,0.8293431,0.6352607,0.99526
Z3040132177,c1ccc(-c2nc(Cn3cnc4c3CCNC43CCOCC3)co2)cc1,c1ccc(-c2nc(Cn3cnc4c3CCNC43CCOCC3)co2)cc1,c1ccc(-c2nc(Cn3cnc4c3CCNC43CCOCC3)co2)cc1,True,0.16483517,0.59248406,0.8437681,0.63988465,0.99459314
Z2832191157,Oc1nc(C2CC2)nc2c1CN(c1ccnc(Cc3ccccc3)n1)C2,Oc1nc(C2CC2)nc2c1CN(c1ccnc(Cc3ccccc3)n1)C2,c1ccc(Cc2nccc(N3Cc4cnc(C5CC5)nc4C3)n2)cc1,True,0.14606741,0.599009,0.8451122,0.62430924,0.9944047
Z1762094963,Fc1ccc(C2CN(c3nccc(NC4CCCOC4)n3)CCO2)c(Cl)c1,Fc1ccc(C2CN(c3nccc(NC4CCCOC4)n3)CCO2)c(Cl)c1,c1ccc(C2CN(c3nccc(NC4CCCOC4)n3)CCO2)cc1,True,0.15306123,0.61443514,0.83607817,0.62487745,0.9943167
Z1557449570,O=C(c1ccccc1)N1CC(CNCc2cc(F)cc3cccnc23)N2CCC1C2,O=C(c1ccccc1)N1CC(CNCc2cc(F)cc3cccnc23)N2CCC1C2,O=C(c1ccccc1)N1CC(CNCc2cccc3cccnc23)N2CCC1C2,True,0.15306123,0.60463524,0.83860034,0.6240778,0.99410033
Z2090081436,c1ccn2cc(CN3CCCCC3c3nnc(C4CCC4)o3)nc2c1,c1ccn2cc(CN3CCCCC3c3nnc(C4CCC4)o3)nc2c1,c1ccn2cc(CN3CCCCC3c3nnc(C4CCC4)o3)nc2c1,True,0.15730338,0.58427805,0.8472322,0.62816584,0.9936768
Z3392627077,CCCCc1cc(N2CC3(CCOCC3)C2c2ccccc2)n2ncnc2n1,CCCCc1cc(N2CC3(CCOCC3)C2c2ccccc2)n2ncnc2n1,c1ccc(C2N(c3ccnc4ncnn34)CC23CCOCC3)cc1,True,0.15789473,0.6146327,0.82746375,0.6371513,0.9934875
Z2523962843,N#Cc1cncc(N2CC3CCC2C2CN(Cc4ccccc4)CC32)n1,N#Cc1cncc(N2CC3CCC2C2CN(Cc4ccccc4)CC32)n1,c1ccc(CN2CC3C4CCC(C3C2)N(c2cnccn2)C4)cc1,True,0.17045455,0.65671986,0.85825443,0.5810151,0.9932015
Z1270086518,Cc1ccc(-c2csc3ncnc(N(C)C4CCN(CC5CCOC5)CC4)c23)cc1,Cc1ccc(-c2csc3ncnc(N(C)C4CCN(CC5CCOC5)CC4)c23)cc1,c1ccc(-c2csc3ncnc(NC4CCN(CC5CCOC5)CC4)c23)cc1,True,0.10891089,0.63770086,0.8318499,0.6045655,0.9931934
Z2362395683,CC1(C)CC(Nc2cccc(-c3nnc4n3CCCCC4)c2)CO1,CC1(C)CC(Nc2cccc(-c3nnc4n3CCCCC4)c2)CO1,c1cc(NC2CCOC2)cc(-c2nnc3n2CCCCC3)c1,True,0.16853933,0.6323672,0.8314971,0.6045796,0.99294186
Z1748049682,Cc1nn(-c2ccccc2)c2nc(C(=O)N3CC(O)C4(CC4)C3)ccc12,Cc1nn(-c2ccccc2)c2nc(C(=O)N3CC(O)C4(CC4)C3)ccc12,O=C(c1ccc2cnn(-c3ccccc3)c2n1)N1CCC2(CC2)C1,True,0.14285715,0.6818773,0.834385,0.58970326,0.9928114
Z2998055341,Cc1cc(-c2noc(C3C[C@@H]4C[C@H](N)[C@@H]4C3)n2)ccc1-n1cccn1,Cc1cc(-c2noc(C3CC4CC(N)C4C3)n2)ccc1-n1cccn1,c1cnn(-c2ccc(-c3noc(C4CC5CCC5C4)n3)cc2)c1,True,0.14893617,0.59743893,0.8294678,0.6294425,0.9927221
Z1101445235,Cc1cc(C)cc(-n2ncc3c(NCC4CCCO4)ncnc32)c1,Cc1cc(C)cc(-n2ncc3c(NCC4CCCO4)ncnc32)c1,c1ccc(-n2ncc3c(NCC4CCCO4)ncnc32)cc1,True,0.1590909,0.6529586,0.8390059,0.587141,0.99268365
Z1940287569,O=C(Nc1ccc(-n2cccn2)nc1)N1C[C@H]2CN(Cc3ccccc3)C[C@H]2C1,O=C(Nc1ccc(-n2cccn2)nc1)N1CC2CN(Cc3ccccc3)CC2C1,O=C(Nc1ccc(-n2cccn2)nc1)N1CC2CN(Cc3ccccc3)CC2C1,True,0.13978495,0.5972748,0.82421774,0.6555698,0.9925477
Z2608769636,CC1(C)Cc2c(cnn2-c2ccccc2Cl)CN(CC23CNCC2C3)C1,CC1(C)Cc2c(cnn2-c2ccccc2Cl)CN(CC23CNCC2C3)C1,c1ccc(-n2ncc3c2CCCN(CC24CNCC2C4)C3)cc1,True,0.1,0.68535906,0.82011545,0.6224889,0.99252975
Z2900717210,Cc1nc2ncnn2c(N[C@H]2[C@@H]3CN(Cc4ccccc4)C[C@@H]32)c1C,Cc1nc2ncnn2c(NC2C3CN(Cc4ccccc4)CC32)c1C,c1ccc(CN2CC3C(C2)C3Nc2ccnc3ncnn23)cc1,True,0.16091955,0.6682918,0.8650978,0.5735894,0.9924904
Z105879214,COc1ccc(C2CCCN2Cc2nc3c(oc4ccccc43)c(=O)[nH]2)cc1,COc1ccc(C2CCCN2Cc2nc3c(oc4ccccc43)c(=O)[nH]2)cc1,O=c1[nH]c(CN2CCCC2c2ccccc2)nc2c1oc1ccccc12,True,0.14432989,0.5787533,0.82591873,0.69539094,0.99197704
Z1461914742,c1ccc(-c2cc(NC3CCN(C4CCOC4)CC3)n3ncnc3n2)cc1,c1ccc(-c2cc(NC3CCN(C4CCOC4)CC3)n3ncnc3n2)cc1,c1ccc(-c2cc(NC3CCN(C4CCOC4)CC3)n3ncnc3n2)cc1,True,0.19101124,0.63754785,0.8781586,0.5697263,0.9916192
Z1652572995,c1ccc(-c2cn3nc(N4CCOCC5(CCOCC5)C4)sc3n2)cc1,c1ccc(-c2cn3nc(N4CCOCC5(CCOCC5)C4)sc3n2)cc1,c1ccc(-c2cn3nc(N4CCOCC5(CCOCC5)C4)sc3n2)cc1,True,0.17045455,0.6837743,0.8504354,0.57005394,0.9915267
Z2271309352,COc1ccc(-c2ccnc(NC3CCN4CCCC4C3)n2)cc1,COc1ccc(-c2ccnc(NC3CCN4CCCC4C3)n2)cc1,c1ccc(-c2ccnc(NC3CCN4CCCC4C3)n2)cc1,True,0.14606741,0.6191683,0.83661115,0.5867227,0.99149877
Z1989820718,COc1ccc2c(NC3CCOC4(CCCC4)C3)ncnc2c1F,COc1ccc2c(NC3CCOC4(CCCC4)C3)ncnc2c1F,c1ccc2c(NC3CCOC4(CCCC4)C3)ncnc2c1,True,0.19318181,0.73208195,0.81648093,0.61765707,0.9913658
Z2347574517,c1nc(NC2CC2)cc(N2CCCC(c3ncc4n3CCCC4)C2)n1,c1nc(NC2CC2)cc(N2CCCC(c3ncc4n3CCCC4)C2)n1,c1nc(NC2CC2)cc(N2CCCC(c3ncc4n3CCCC4)C2)n1,True,0.10752688,0.58720523,0.86374533,0.5859292,0.9913576
Z1533044055,Cc1cc(C)n(-c2cncc(NC3CCCCC3OC3CCCC3)n2)n1,Cc1cc(C)n(-c2cncc(NC3CCCCC3OC3CCCC3)n2)n1,c1cnn(-c2cncc(NC3CCCCC3OC3CCCC3)n2)c1,True,0.13483146,0.6651473,0.8288945,0.5857045,0.991269
Z229594848,Cc1noc2nc(C3CC3)cc(C(=O)N3CCCC3c3nc4ccccc4[nH]3)c12,Cc1noc2nc(C3CC3)cc(C(=O)N3CCCC3c3nc4ccccc4[nH]3)c12,O=C(c1cc(C2CC2)nc2oncc12)N1CCCC1c1nc2ccccc2[nH]1,True,0.14,0.56507415,0.830413,0.7035791,0.9911556
Z1230720686,c1ccc2sc(C3CCCN3c3cc(N4CCOCC4)ncn3)nc2c1,c1ccc2sc(C3CCCN3c3cc(N4CCOCC4)ncn3)nc2c1,c1ccc2sc(C3CCCN3c3cc(N4CCOCC4)ncn3)nc2c1,True,0.17045455,0.58016634,0.8663504,0.5887493,0.9911256
Z1192190728,Cc1nnc2ccc(NCC3CCCN(C)C3c3ccccc3)nn12,Cc1nnc2ccc(NCC3CCCN(C)C3c3ccccc3)nn12,c1ccc(C2NCCCC2CNc2ccc3nncn3n2)cc1,True,0.14606741,0.58912027,0.83707404,0.5976631,0.9910512
Z2582964181,Cc1cc(NCc2c(C3CCC3)cnn2C)nc(-c2ccccn2)n1,Cc1cc(NCc2c(C3CCC3)cnn2C)nc(-c2ccccn2)n1,c1ccc(-c2nccc(NCc3[nH]ncc3C3CCC3)n2)nc1,True,0.16304348,0.58943427,0.8296398,0.6080628,0.9909055
Z1653398556,CC(C)n1ncc2cc(CN3CCNC(=O)C3c3ccccc3Cl)cnc21,CC(C)n1ncc2cc(CN3CCNC(=O)C3c3ccccc3Cl)cnc21,O=C1NCCN(Cc2cnc3[nH]ncc3c2)C1c1ccccc1,True,0.121212125,0.6023968,0.81666994,0.6595271,0.99090517
Z2347813336,c1ccc(C2N(c3nccn4cnnc34)CC23CCCC3)cc1,c1ccc(C2N(c3nccn4cnnc34)CC23CCCC3)cc1,c1ccc(C2N(c3nccn4cnnc34)CC23CCCC3)cc1,True,0.18292683,0.60777694,0.8946258,0.5711833,0.9908193
Z2861631236,FC(F)c1nnc2ccc(N3C[C@H]4CN(Cc5ccccc5)CC[C@H]4C3)nn12,FC(F)c1nnc2ccc(N3CC4CCN(Cc5ccccc5)CC4C3)nn12,c1ccc(CN2CCC3CN(c4ccc5nncn5n4)CC3C2)cc1,True,0.13043478,0.6645461,0.81779116,0.604626,0.9904766
Z2998016150,CC(C)c1ccc(-c2noc(C3NCCOc4ccccc43)n2)cn1,CC(C)c1ccc(-c2noc(C3NCCOc4ccccc43)n2)cn1,c1cncc(-c2noc(C3NCCOc4ccccc43)n2)c1,True,0.16853933,0.6047515,0.8218599,0.6118545,0.9904622
Z2481178571,Cc1cccc2ncc(CN3Cc4ccccc4C[C@@H]3C(=O)NC3CC3)n12,Cc1cccc2ncc(CN3Cc4ccccc4CC3C(=O)NC3CC3)n12,O=C(NC1CC1)C1Cc2ccccc2CN1Cc1cnc2ccccn12,True,0.114583336,0.5730771,0.82634753,0.6428691,0.9904555
Z1999931747,Cc1noc2ncnc(NCC3CCCN(Cc4ccccc4)C3)c12,Cc1noc2ncnc(NCC3CCCN(Cc4ccccc4)C3)c12,c1ccc(CN2CCCC(CNc3ncnc4oncc34)C2)cc1,True,0.16304348,0.6041108,0.82454765,0.60178626,0.99022865
Z1761194898,O=C(C1CCCc2ccccc21)N1CCC(Nc2ccc3nccn3n2)C1,O=C(C1CCCc2ccccc21)N1CCC(Nc2ccc3nccn3n2)C1,O=C(C1CCCc2ccccc21)N1CCC(Nc2ccc3nccn3n2)C1,True,0.15957446,0.57317156,0.8215654,0.68059015,0.99021935
Z1784494116,CC(C)c1nnc2ccc(NC(=O)C3CCCCN3Cc3ccncc3)cn12,CC(C)c1nnc2ccc(NC(=O)C3CCCCN3Cc3ccncc3)cn12,O=C(Nc1ccc2nncn2c1)C1CCCCN1Cc1ccncc1,True,0.13402061,0.6009863,0.82121867,0.6103164,0.9899801
Z2633866149,O=C(c1ccc2oc(=O)[nH]c2n1)N1CCC2C(CCCN2Cc2ccccc2)C1,O=C(c1ccc2oc(=O)[nH]c2n1)N1CCC2C(CCCN2Cc2ccccc2)C1,O=C(c1ccc2oc(=O)[nH]c2n1)N1CCC2C(CCCN2Cc2ccccc2)C1,True,0.14285715,0.5899668,0.82094353,0.62081057,0.98987055
Z223853504,CC(C)n1ncc2c(C(=O)N3CCCCC3)cc(-c3ccc4c(c3)OCCO4)nc21,CC(C)n1ncc2c(C(=O)N3CCCCC3)cc(-c3ccc4c(c3)OCCO4)nc21,O=C(c1cc(-c2ccc3c(c2)OCCO3)nc2[nH]ncc12)N1CCCCC1,True,0.125,0.5987234,0.814258,0.659758,0.9898458
Z103880402,O=C(C1CC1)N1CCN(Cc2c(-c3ccccc3)nc3ccccn23)CC1,O=C(C1CC1)N1CCN(Cc2c(-c3ccccc3)nc3ccccn23)CC1,O=C(C1CC1)N1CCN(Cc2c(-c3ccccc3)nc3ccccn23)CC1,True,0.1764706,0.59531987,0.8311557,0.58899707,0.9898306
