CatalogID,SMILES,canonical,scaffold,valid,Score,nearest_reference_ECFP,nearest_previous_G_ECFP
Z646600274,CNC(=O)COc1ccc(CNc2ccc(C#N)cn2)cc1,CNC(=O)COc1ccc(CNc2ccc(C#N)cn2)cc1,c1ccc(CNc2ccccn2)cc1,True,0.31879791720775086,0.29268292,0.36507937
Z1416544138,CNC(=O)Cc1noc(-c2cccc(OC)c2)n1,CNC(=O)Cc1noc(-c2cccc(OC)c2)n1,c1ccc(-c2ncno2)cc1,True,0.31469782629441245,0.29268292,0.41269842
Z916732690,COc1ccc(-c2nnc(NC(=O)c3ccc(C#N)cc3)[nH]2)c(OC)c1,COc1ccc(-c2nnc(NC(=O)c3ccc(C#N)cc3)[nH]2)c(OC)c1,O=C(Nc1nnc(-c2ccccc2)[nH]1)c1ccccc1,True,0.313947058773844,0.30232558,0.47457626
Z1609196562,CCC(Nc1cncc(-c2nncn2C)c1)c1ccc(OC)cc1,CCC(Nc1cncc(-c2nncn2C)c1)c1ccc(OC)cc1,c1ccc(CNc2cncc(-c3nnc[nH]3)c2)cc1,True,0.31330729596999235,0.27272728,0.26027396
Z68757865,CCN(Cc1nc2cc(OC)c(OC)cc2c(=O)[nH]1)C(=O)c1cccnc1,CCN(Cc1nc2cc(OC)c(OC)cc2c(=O)[nH]1)C(=O)c1cccnc1,O=C(NCc1nc2ccccc2c(=O)[nH]1)c1cccnc1,True,0.31303217703736297,0.27173913,0.703125
Z645005360,COc1cc(C)c(C(C)Nc2ccc(C#N)cn2)cc1OC,COc1cc(C)c(C(C)Nc2ccc(C#N)cn2)cc1OC,c1ccc(CNc2ccccn2)cc1,True,0.31281923187962835,0.2804878,0.3548387
Z94604721,COc1cc(C#N)ccc1OCc1nc2ccccc2c(=O)n1CC(N)=O,COc1cc(C#N)ccc1OCc1nc2ccccc2c(=O)n1CC(N)=O,O=c1[nH]c(COc2ccccc2)nc2ccccc12,True,0.31274088758353313,0.2795699,0.36
Z46373102,COc1ccc(CN(C)CC(=O)Nc2ccc(C#N)cc2)c(OC)c1,COc1ccc(CN(C)CC(=O)Nc2ccc(C#N)cc2)c(OC)c1,O=C(CNCc1ccccc1)Nc1ccccc1,True,0.31257475962994685,0.30588236,0.46774194
Z30632663,COc1ccc(CCNC(=O)c2ccc(C#N)cc2)cc1,COc1ccc(CCNC(=O)c2ccc(C#N)cc2)cc1,O=C(NCCc1ccccc1)c1ccccc1,True,0.31249842924969856,0.29113925,0.42592594
Z192621776,COc1ccc(C)cc1CCNC(=O)CCc1ccc(C#N)cc1,COc1ccc(C)cc1CCNC(=O)CCc1ccc(C#N)cc1,O=C(CCc1ccccc1)NCCc1ccccc1,True,0.3120078543893994,0.29411766,0.37096775
Z1119645208,COc1ccc(-c2nc(CNC(=O)c3ccc(C#N)cc3)n[nH]2)cc1,COc1ccc(-c2nc(CNC(=O)c3ccc(C#N)cc3)n[nH]2)cc1,O=C(NCc1n[nH]c(-c2ccccc2)n1)c1ccccc1,True,0.31179387938087233,0.30232558,0.4032258
Z64681951,CCC(Nc1ncnc2sccc12)c1ccc(OC)cc1,CCC(Nc1ncnc2sccc12)c1ccc(OC)cc1,c1ccc(CNc2ncnc3sccc23)cc1,True,0.31166574708502154,0.24705882,0.2647059
Z1560637046,COc1ccnc2c(NC(=O)c3ccc(C#N)cc3)cccc12,COc1ccnc2c(NC(=O)c3ccc(C#N)cc3)cccc12,O=C(Nc1cccc2cccnc12)c1ccccc1,True,0.3115148542037318,0.28235295,0.5
Z200303786,COc1cc(NC(=O)CNc2ccc(C#N)cc2)c(OC)cc1Cl,COc1cc(NC(=O)CNc2ccc(C#N)cc2)c(OC)cc1Cl,O=C(CNc1ccccc1)Nc1ccccc1,True,0.31028630182616435,0.2857143,0.45901638
Z1281817156,COc1cc(NC(C)c2ccc(C#N)cc2)ccc1N1CCCC1=O,COc1cc(NC(C)c2ccc(C#N)cc2)ccc1N1CCCC1=O,O=C1CCCN1c1ccc(NCc2ccccc2)cc1,True,0.3098882783098175,0.26966292,0.3939394
Z95535362,COc1ccc(CC(=O)Nc2ccc(C#N)cc2)cc1F,COc1ccc(CC(=O)Nc2ccc(C#N)cc2)cc1F,O=C(Cc1ccccc1)Nc1ccccc1,True,0.30978134290905773,0.29268292,0.43333334
Z26256389,COc1cc(C#N)ccc1OCc1ncc(-c2ccccc2)o1,COc1cc(C#N)ccc1OCc1ncc(-c2ccccc2)o1,c1ccc(OCc2ncc(-c3ccccc3)o2)cc1,True,0.30899744080254143,0.27058825,0.38709676
Z338537148,Cc1ccc(-c2cnc(CCC(=O)NC(C)c3ccc(C#N)cc3)o2)cc1C,Cc1ccc(-c2cnc(CCC(=O)NC(C)c3ccc(C#N)cc3)o2)cc1C,O=C(CCc1ncc(-c2ccccc2)o1)NCc1ccccc1,True,0.30845617450575985,0.2826087,0.28947368
Z1020952796,COc1cc(OC)c(NS(=O)(=O)c2ccc(C#N)cc2)c(C(=O)O)c1,COc1cc(OC)c(NS(=O)(=O)c2ccc(C#N)cc2)c(C(=O)O)c1,O=S(=O)(Nc1ccccc1)c1ccccc1,True,0.3080653976074848,0.28915662,0.3442623
Z26325052,COc1ccc(C(N)=O)c(OCc2ccc(C#N)cc2)c1,COc1ccc(C(N)=O)c(OCc2ccc(C#N)cc2)c1,c1ccc(COc2ccccc2)cc1,True,0.30650798154001907,0.28395063,0.42372882
Z1785650913,CNC(=O)COc1ccccc1CNc1ccc(C#N)cc1,CNC(=O)COc1ccccc1CNc1ccc(C#N)cc1,c1ccc(CNc2ccccc2)cc1,True,0.30577254169567386,0.27710843,0.36923078
Z1193291607,CNC(=O)CCNc1nc(-c2ccncc2)nc(C)c1C,CNC(=O)CCNc1nc(-c2ccncc2)nc(C)c1C,c1cnc(-c2ccncc2)nc1,True,0.30488980117342185,0.25301206,0.328125
Z24246509,COc1cccc(-c2nnn(Cc3ccc(C#N)cc3)n2)c1,COc1cccc(-c2nnn(Cc3ccc(C#N)cc3)n2)c1,c1ccc(Cn2nnc(-c3ccccc3)n2)cc1,True,0.3033243287004872,0.28915662,0.47540984
Z1272176887,CNC(=O)c1ccc(CNc2nc(-c3cccc(OC)c3)no2)cc1,CNC(=O)c1ccc(CNc2nc(-c3cccc(OC)c3)no2)cc1,c1ccc(CNc2nc(-c3ccccc3)no2)cc1,True,0.3023403611371583,0.26966292,0.45454547
Z1129295504,COc1ccccc1CCN(C)C(=O)c1ccc(C#N)cc1,COc1ccccc1CCN(C)C(=O)c1ccc(C#N)cc1,O=C(NCCc1ccccc1)c1ccccc1,True,0.30223234911326197,0.2804878,0.39344263
Z57730180,COc1cc(C#N)ccc1OCc1nc(-c2cccs2)no1,COc1cc(C#N)ccc1OCc1nc(-c2cccs2)no1,c1ccc(OCc2nc(-c3cccs3)no2)cc1,True,0.30185331190923603,0.25555557,0.52459013
Z112995824,COc1cc(C#N)ccc1OC(C)C(=O)Nc1cc(C)on1,COc1cc(C#N)ccc1OC(C)C(=O)Nc1cc(C)on1,O=C(COc1ccccc1)Nc1ccon1,True,0.30176516704783735,0.27586207,0.38709676
Z666606600,COC(=O)c1ccc(Cc2nc3cc(OC)c(OC)cc3c(=O)[nH]2)o1,COC(=O)c1ccc(Cc2nc3cc(OC)c(OC)cc3c(=O)[nH]2)o1,O=c1[nH]c(Cc2ccco2)nc2ccccc12,True,0.3011626729124689,0.27586207,0.43055555
Z840371510,COc1cc2nc(CN(C)c3cccc(C(C)C)c3)[nH]c(=O)c2cc1OC,COc1cc2nc(CN(C)c3cccc(C(C)C)c3)[nH]c(=O)c2cc1OC,O=c1[nH]c(CNc2ccccc2)nc2ccccc12,True,0.3005067052046214,0.25555557,0.47887325
Z646378882,COc1ccccc1CC(C)Nc1ccc(C#N)cn1,COc1ccccc1CC(C)Nc1ccc(C#N)cn1,c1ccc(CCNc2ccccn2)cc1,True,0.3003812685132089,0.27710843,0.3548387
Z167742680,COc1ccc(-c2nnc(COc3ccc(C#N)cc3OC)o2)cc1,COc1ccc(-c2nnc(COc3ccc(C#N)cc3OC)o2)cc1,c1ccc(OCc2nnc(-c3ccccc3)o2)cc1,True,0.3001691869564844,0.2857143,0.44262296
Z2971660643,CNC(=O)C(O)CNc1ccnc2ccc(OC)cc12,CNC(=O)C(O)CNc1ccnc2ccc(OC)cc12,c1ccc2ncccc2c1,True,0.2997739344580392,0.2413793,0.3181818
Z367815214,COc1ccccc1CCNC(=O)CCc1nc(-c2cccnc2)no1,COc1ccccc1CCNC(=O)CCc1nc(-c2cccnc2)no1,O=C(CCc1nc(-c2cccnc2)no1)NCCc1ccccc1,True,0.29931926017738086,0.27173913,0.38356164
Z2168548421,COc1ccc(C(=O)O)c(NS(=O)(=O)c2cncc(C#N)c2)c1,COc1ccc(C(=O)O)c(NS(=O)(=O)c2cncc(C#N)c2)c1,O=S(=O)(Nc1ccccc1)c1cccnc1,True,0.2991857202864903,0.27586207,0.3529412
Z2984362386,CNC(=O)Cn1cc(-c2ccc(OC)c(OC)c2)nn1,CNC(=O)Cn1cc(-c2ccc(OC)c(OC)c2)nn1,c1ccc(-c2c[nH]nn2)cc1,True,0.29874166595603396,0.2804878,0.28985506
Z1213700407,COc1ccc(-c2nsc(NC(=O)CC(C)C)n2)cc1OC,COc1ccc(-c2nsc(NC(=O)CC(C)C)n2)cc1OC,c1ccc(-c2ncsn2)cc1,True,0.29851791142667333,0.27380952,0.31428573
Z1182636214,Cc1cc(Oc2ccc(C#N)cc2)nc(-c2ccncc2)n1,Cc1cc(Oc2ccc(C#N)cc2)nc(-c2ccncc2)n1,c1ccc(Oc2ccnc(-c3ccncc3)n2)cc1,True,0.29762093190440375,0.25925925,0.30508474
Z1764877177,CCNC(=O)CNc1nc(-c2cccc(OC)c2)no1,CCNC(=O)CNc1nc(-c2cccc(OC)c2)no1,c1ccc(-c2ncon2)cc1,True,0.297610321411962,0.26436782,0.453125
Z224101234,COc1ccc(C(CC(=O)Nc2nc3ccc(F)cc3s2)NC(C)=O)cc1,COc1ccc(C(CC(=O)Nc2nc3ccc(F)cc3s2)NC(C)=O)cc1,O=C(CCc1ccccc1)Nc1nc2ccccc2s1,True,0.2975744930837978,0.2857143,0.4923077
Z1171898067,COc1ccc2cc(C(=O)NCC(C)C#N)c(C)nc2c1,COc1ccc2cc(C(=O)NCC(C)C#N)c(C)nc2c1,c1ccc2ncccc2c1,True,0.2974570283164208,0.27906978,0.41269842
Z30943316,COc1ccc(OC)c(NC(=O)CC(NC(C)=O)c2ccccc2)c1,COc1ccc(OC)c(NC(=O)CC(NC(C)=O)c2ccccc2)c1,O=C(CCc1ccccc1)Nc1ccccc1,True,0.29722802192957876,0.2857143,0.51724136
Z142808222,COc1ccc(C(CC(=O)Nc2cccc3ccccc23)NC(C)=O)cc1,COc1ccc(C(CC(=O)Nc2cccc3ccccc23)NC(C)=O)cc1,O=C(CCc1ccccc1)Nc1cccc2ccccc12,True,0.29671992493514715,0.28235295,0.5614035
Z1764876296,CCNC(=O)CNc1ccc2cc(C#N)ccc2n1,CCNC(=O)CNc1ccc2cc(C#N)ccc2n1,c1ccc2ncccc2c1,True,0.2963417916576446,0.25,0.37704918
Z646457490,COc1cc(C(C)Nc2nnc(C)c(C)c2C#N)ccc1OCCO,COc1cc(C(C)Nc2nnc(C)c(C)c2C#N)ccc1OCCO,c1ccc(CNc2cccnn2)cc1,True,0.2963141585636399,0.2777778,0.30555555
Z441354688,COc1ccc(C(=O)NC(=O)CSc2cc(C#N)ccn2)cc1,COc1ccc(C(=O)NC(=O)CSc2cc(C#N)ccn2)cc1,O=C(CSc1ccccn1)NC(=O)c1ccccc1,True,0.29538887946581704,0.27586207,0.42028984
Z397780838,CC(Nc1nc2ccccc2o1)c1ccc(C#N)cc1,CC(Nc1nc2ccccc2o1)c1ccc(C#N)cc1,c1ccc(CNc2nc3ccccc3o2)cc1,True,0.2953824220432199,0.24390244,0.39655173
Z2076506554,CNc1ccc(C#N)cc1NC(=O)Cc1c[nH]c2ccc(OC)cc12,CNc1ccc(C#N)cc1NC(=O)Cc1c[nH]c2ccc(OC)cc12,O=C(Cc1c[nH]c2ccccc12)Nc1ccccc1,True,0.2950393105932956,0.2747253,0.4057971
Z102017856,COc1ccc(C(CC(=O)Nc2ccc(CC#N)cc2)NC(C)=O)cc1,COc1ccc(C(CC(=O)Nc2ccc(CC#N)cc2)NC(C)=O)cc1,O=C(CCc1ccccc1)Nc1ccccc1,True,0.294504022519131,0.29411766,0.7647059
Z1626002141,CNC(=O)COc1ccccc1CNc1cc(C#N)ccc1C,CNC(=O)COc1ccccc1CNc1cc(C#N)ccc1C,c1ccc(CNc2ccccc2)cc1,True,0.2943382361584382,0.26136363,0.34848484
Z2465865696,COc1cncc(S(=O)(=O)N[C@H](C(=O)O)c2ccc(O)cc2)c1,COc1cncc(S(=O)(=O)NC(C(=O)O)c2ccc(O)cc2)c1,O=S(=O)(NCc1ccccc1)c1cccnc1,True,0.29415351607401474,0.27380952,0.22666667
