CatalogID,SMILES,canonical,scaffold,valid,usrcat_to_crystal21,erg_to_ligand21,known_ligand_score,K_chemberta_score,combined_score,K_chemberta_score_rank,known_ligand_score_rank,erg_to_ligand21_rank,usrcat_to_crystal21_rank,K_vs_ligand_axis,selected_K_like
Z729037934,COc1cc(C)c(C(C)Nc2ncc(C(N)=O)cc2Cl)cc1OC,COc1cc(C)c(C(C)Nc2ncc(C(N)=O)cc2Cl)cc1OC,c1ccc(CNc2ccccn2)cc1,True,0.2324328758485953,0.19799444,0.2562519262784654,0.9514549,0.7715626,1.0,0.86,0.14,0.14,0.6199999999999999,True
Z103891012,COc1ccc(-c2noc(CN3CCC(O)CC3)n2)cc1OC,COc1ccc(-c2noc(CN3CCC(O)CC3)n2)cc1OC,c1ccc(-c2noc(CN3CCCCC3)n2)cc1,True,0.2367203924538199,0.23509458,0.2341784281304739,0.9410957,0.76510596,0.98,0.54,0.3,0.3,0.5999999999999999,True
Z2614758163,COCC(Nc1ncnc2scc(C)c12)c1cccc(OC)c1,COCC(Nc1ncnc2scc(C)c12)c1cccc(OC)c1,c1ccc(CNc2ncnc3sccc23)cc1,True,0.2416350894516,0.19699839,0.2463848619969532,0.9290709,0.77191347,0.96,0.74,0.12,0.46,0.52,True
Z2528173832,CNC(=O)C1CCCC1Nc1nnc(-c2ccc(OC)cc2)o1,CNC(=O)C1CCCC1Nc1nnc(-c2ccc(OC)cc2)o1,c1ccc(-c2nnc(NC3CCCC3)o2)cc1,True,0.2325911848291373,0.25561935,0.2385702854737907,0.9100479,0.7698367,0.86,0.62,0.38,0.16,0.47333333333333333,True
Z71577221,COc1cc(C(=O)Nc2ncccc2O)ccc1OC(C)C,COc1cc(C(=O)Nc2ncccc2O)ccc1OC(C)C,O=C(Nc1ccccn1)c1ccccc1,True,0.2375149639225724,0.27799666,0.2348395013947242,0.9185964,0.7772959,0.88,0.56,0.48,0.34,0.42,True
Z4661326712,CC(C)(C)NS(=O)(=O)C1(CNc2nc(-c3ccccn3)nc3sccc23)CC1,CC(C)(C)NS(=O)(=O)C1(CNc2nc(-c3ccccn3)nc3sccc23)CC1,c1ccc(-c2nc(NCC3CC3)c3ccsc3n2)nc1,True,0.2539227129632996,0.33945063,0.1706850461654374,0.9248588,0.8317645,0.94,0.36,0.62,0.58,0.41999999999999993,True
Z139774820,COc1ccc(NC(C)=O)cc1NCc1nc(-c2ccsc2)no1,COc1ccc(NC(C)=O)cc1NCc1nc(-c2ccsc2)no1,c1ccc(NCc2nc(-c3ccsc3)no2)cc1,True,0.2386524350111654,0.23316061,0.2504630624852766,0.9186915,0.7936164,0.9,0.8,0.28,0.38,0.4133333333333334,True
Z1213734893,COc1ccc(CCNc2oc(C)nc2C#N)cc1OC,COc1ccc(CCNc2oc(C)nc2C#N)cc1OC,c1ccc(CCNc2cnco2)cc1,True,0.2369028065594154,0.18168953,0.2663054020470102,0.9084084,0.7656159,0.84,0.96,0.06,0.32,0.39333333333333326,True
Z1828419420,COc1ccc(OC)c(NC(=O)CNc2cc(-n3cccn3)ccc2C)c1,COc1ccc(OC)c(NC(=O)CNc2cc(-n3cccn3)ccc2C)c1,O=C(CNc1cccc(-n2cccn2)c1)Nc1ccccc1,True,0.2387011981569277,0.25672582,0.2333387553343971,0.90486836,0.76596534,0.8,0.52,0.42,0.4,0.35333333333333344,True
Z1238994830,Cc1nc(-c2ccccn2)nc(NCC2(O)CCSCC2)c1C,Cc1nc(-c2ccccn2)nc(NCC2(O)CCSCC2)c1C,c1ccc(-c2nccc(NCC3CCSCC3)n2)nc1,True,0.2645721314146855,0.35523376,0.1570580886141974,0.92107296,0.86439276,0.92,0.24,0.72,0.82,0.32666666666666677,True
Z324800048,CC(Nc1nc(-c2ccsc2)nc2ccccc12)C1CCCO1,CC(Nc1nc(-c2ccsc2)nc2ccccc12)C1CCCO1,c1ccc2c(NCC3CCCO3)nc(-c3ccsc3)nc2c1,True,0.2328156323967833,0.2056156,0.2586609191457417,0.9036059,0.77117294,0.72,0.9,0.16,0.2,0.3,True
Z1798349647,COc1cccc(-c2noc(NC3CCCC3O)n2)c1,COc1cccc(-c2noc(NC3CCCC3O)n2)c1,c1ccc(-c2noc(NC3CCCC3)n2)cc1,True,0.2442249980119681,0.261368,0.2420712069505129,0.90735614,0.79424804,0.82,0.68,0.44,0.48,0.2866666666666666,True
Z2276481757,Cc1nn(C2CCOCC2)c2ncc(S(=O)(=O)NC3(C)CC3)cc12,Cc1nn(C2CCOCC2)c2ncc(S(=O)(=O)NC3(C)CC3)cc12,O=S(=O)(NC1CC1)c1cnc2c(cnn2C2CCOCC2)c1,True,0.2612730322672185,0.35817415,0.1128232108471452,0.90469956,0.8188198,0.76,0.06,0.76,0.74,0.24,True
Z1636209593,COc1ccc(CC(C)C(=O)NCc2nccc(N)n2)cc1OC,COc1ccc(CC(C)C(=O)NCc2nccc(N)n2)cc1OC,O=C(CCc1ccccc1)NCc1ncccn1,True,0.2306518364667156,0.25646713,0.2462054573295063,0.8951523,0.768224,0.62,0.72,0.4,0.1,0.21333333333333326,True
Z2065576686,COc1cccc(-c2noc(-c3ccccc3OCC(N)=O)n2)c1,COc1cccc(-c2noc(-c3ccccc3OCC(N)=O)n2)c1,c1ccc(-c2noc(-c3ccccc3)n2)cc1,True,0.255894297334692,0.16944186,0.2623494066350244,0.90405375,0.77173734,0.74,0.94,0.04,0.64,0.19999999999999996,True
Z2312352108,CC(C)C(C)(O)CNCc1cn(C2CCCC2)nc1-c1ccccn1,CC(C)C(C)(O)CNCc1cn(C2CCCC2)nc1-c1ccccn1,c1ccc(-c2ccn(C3CCCC3)n2)nc1,True,0.2311114794174218,0.3621329,0.1067344471253884,0.8868792,0.7609768,0.5,0.02,0.8,0.12,0.18666666666666665,True
Z1310670207,COc1cccc(-c2cnc(CNc3cc(C(N)=O)ccc3C)o2)c1,COc1cccc(-c2cnc(CNc3cc(C(N)=O)ccc3C)o2)c1,c1ccc(NCc2ncc(-c3ccccc3)o2)cc1,True,0.2781504664315185,0.16084518,0.2617768194376147,0.9047819,0.77365506,0.78,0.92,0.02,0.88,0.17333333333333334,True
Z1686709378,CCn1cc(NC(C)c2nc(-c3ccc(OC)cc3)no2)cn1,CCn1cc(NC(C)c2nc(-c3ccc(OC)cc3)no2)cn1,c1ccc(-c2noc(CNc3cn[nH]c3)n2)cc1,True,0.2363415081689771,0.23267128,0.2469977055113055,0.89017576,0.7637955,0.58,0.76,0.26,0.26,0.15333333333333327,True
Z652698508,COc1ccc(C(=O)NCCNc2cccc(F)c2C#N)c(OC)c1,COc1ccc(C(=O)NCCNc2cccc(F)c2C#N)c(OC)c1,O=C(NCCNc1ccccc1)c1ccccc1,True,0.2607434529003616,0.1951059,0.2420026027708179,0.8970213,0.76989114,0.64,0.66,0.1,0.72,0.14666666666666667,True
Z1464428594,COc1ccc(-c2cncc(C(=O)NCc3nccc(N)n3)c2)cc1,COc1ccc(-c2cncc(C(=O)NCc3nccc(N)n3)c2)cc1,O=C(NCc1ncccn1)c1cncc(-c2ccccc2)c1,True,0.2202023168923283,0.25156358,0.287294790239408,0.891721,0.7632097,0.6,1.0,0.36,0.02,0.14,True
Z401557218,CNC(=O)COc1cccc(NC(C)c2nc(C(C)(C)C)no2)c1,CNC(=O)COc1cccc(NC(C)c2nc(C(C)(C)C)no2)c1,c1ccc(NCc2ncno2)cc1,True,0.2636015108290243,0.2776901,0.2317299010084333,0.90310264,0.7881423,0.7,0.5,0.46,0.78,0.12,True
Z2769602756,CC(C)CC(O)CNc1ccc2nnc(-c3ccncc3)n2n1,CC(C)CC(O)CNc1ccc2nnc(-c3ccncc3)n2n1,c1cnn2c(-c3ccncc3)nnc2c1,True,0.2327939485206111,0.3740084,0.1516950699422062,0.89006484,0.8280765,0.56,0.22,0.94,0.18,0.11333333333333345,True
Z2091380052,COc1ccc(OC)c(CN(CCO)c2nc(C)cc(C#N)n2)c1,COc1ccc(OC)c(CN(CCO)c2nc(C)cc(C#N)n2)c1,c1ccc(CNc2ncccn2)cc1,True,0.2604829927382706,0.2351489,0.2429384890350061,0.9026959,0.7995488,0.68,0.7,0.32,0.7,0.10666666666666669,True
Z57904972,COc1ccc(-c2nc(C#N)c(NCCCn3ccnc3)o2)cc1,COc1ccc(-c2nc(C#N)c(NCCCn3ccnc3)o2)cc1,c1ccc(-c2ncc(NCCCn3ccnc3)o2)cc1,True,0.2738307662988168,0.21508634,0.2384019600543471,0.8972573,0.78331566,0.66,0.6,0.2,0.86,0.10666666666666669,True
Z1798275508,COc1cccc(C(=O)NCCNc2nc(C)cnc2C)c1,COc1cccc(C(=O)NCCNc2nc(C)cnc2C)c1,O=C(NCCNc1cnccn1)c1ccccc1,True,0.2363690339151102,0.22606587,0.2568319218110914,0.8857785,0.7654369,0.48,0.88,0.22,0.28,0.019999999999999962,True
Z1844291634,COc1cccc(-c2noc(C(C)NC3CCSCC3)n2)c1,COc1cccc(-c2noc(C(C)NC3CCSCC3)n2)c1,c1ccc(-c2noc(CNC3CCSCC3)n2)cc1,True,0.23980008274016,0.24171026,0.2501448828092926,0.8882067,0.77473074,0.52,0.78,0.34,0.44,0.0,False
Z1252417072,Cc1nc2ncnn2c(NC2CCCC(C(=O)NC(C)C)C2)c1C,Cc1nc2ncnn2c(NC2CCCC(C(=O)NC(C)C)C2)c1C,c1cc(NC2CCCCC2)n2ncnc2n1,True,0.2293019972450984,0.3858528,0.1194304586962692,0.8756889,0.7743025,0.32,0.08,1.0,0.08,-0.06666666666666671,False
Z1461914485,Cc1cc(N(CCCO)Cc2cccnc2)nc(-c2cccc([N+](=O)[O-])c2)n1,Cc1cc(N(CCCO)Cc2cccnc2)nc(-c2cccc([N+](=O)[O-])c2)n1,c1ccc(-c2nccc(NCc3cccnc3)n2)cc1,True,0.2834562657428763,0.19036302,0.2528843131534721,0.8890449,0.77931964,0.54,0.84,0.08,0.92,-0.07333333333333325,False
Z167966510,COc1cc(C(=O)OCc2nc(N)c3ccccc3n2)ccc1C,COc1cc(C(=O)OCc2nc(N)c3ccccc3n2)ccc1C,O=C(OCc1ncc2ccccc2n1)c1ccccc1,True,0.2552164812195173,0.21407433,0.2520438446048232,0.8837192,0.7749555,0.44,0.82,0.18,0.62,-0.10000000000000003,False
Z1269774472,Cc1cc(-c2cc(C(=O)NCC3CCCC3O)c3cnn(C(C)C)c3n2)c(C)o1,Cc1cc(-c2cc(C(=O)NCC3CCCC3O)c3cnn(C(C)C)c3n2)c(C)o1,O=C(NCC1CCCC1)c1cc(-c2ccoc2)nc2[nH]ncc12,True,0.2378424362266528,0.37346596,0.1400163969339312,0.8766524,0.8071527,0.36,0.12,0.92,0.36,-0.10666666666666663,False
Z1247223321,CSC(CO)C(C)Nc1cc(-c2ccccc2)nc2ncnn12,CSC(CO)C(C)Nc1cc(-c2ccccc2)nc2ncnn12,c1ccc(-c2ccn3ncnc3n2)cc1,True,0.2578976464905369,0.35403404,0.1510714963943578,0.8836241,0.8251805,0.42,0.2,0.7,0.68,-0.10666666666666674,False
Z1576914751,COc1ccc(C(CCO)Nc2nc(C(C)C)ns2)cc1,COc1ccc(C(CCO)Nc2nc(C(C)C)ns2)cc1,c1ccc(CNc2ncns2)cc1,True,0.2392663939025799,0.27802843,0.2739687656440599,0.8849188,0.79245204,0.46,0.98,0.5,0.42,-0.17333333333333328,False
Z2640938123,CC(C)Oc1cccc(NC(=O)C(C)n2cnc3c(N)ncnc32)c1,CC(C)Oc1cccc(NC(=O)C(C)n2cnc3c(N)ncnc32)c1,O=C(Cn1cnc2cncnc21)Nc1ccccc1,True,0.2283121007985034,0.37962002,0.1714855823635266,0.8733587,0.8028717,0.3,0.38,0.98,0.06,-0.17333333333333334,False
Z2761239065,OCCOc1cncc(N2C[C@@H]3CCC[C@]3(c3nnc(C4CC4)o3)C2)n1,OCCOc1cncc(N2CC3CCCC3(c3nnc(C4CC4)o3)C2)n1,c1cnc(N2CC3CCCC3(c3nnc(C4CC4)o3)C2)cn1,True,0.285129102628022,0.35749257,0.112724338780067,0.8805982,0.79620457,0.4,0.04,0.74,0.94,-0.17333333333333334,False
Z2636488543,Nc1ncnc2cc(C(=O)N3CCOCC4(CCCC4)C3)ccc12,Nc1ncnc2cc(C(=O)N3CCOCC4(CCCC4)C3)ccc12,O=C(c1ccc2cncnc2c1)N1CCOCC2(CCCC2)C1,True,0.2561457766785779,0.33539322,0.1450840725926184,0.87328994,0.7604798,0.28,0.16,0.56,0.66,-0.18,False
Z1823599819,COc1cccc(NC(CNc2ncnc3c2cnn3C)C(C)(C)C)c1,COc1cccc(NC(CNc2ncnc3c2cnn3C)C(C)(C)C)c1,c1ccc(NCCNc2ncnc3[nH]ncc23)cc1,True,0.2226291830575817,0.36102232,0.2006834562470999,0.87042814,0.76994556,0.22,0.44,0.78,0.04,-0.19999999999999998,False
Z57068150,CC(C)c1ccc(-c2c(C#N)c(N)nc3sc(C(N)=O)c(N)c23)cc1,CC(C)c1ccc(-c2c(C#N)c(N)nc3sc(C(N)=O)c(N)c23)cc1,c1ccc(-c2ccnc3sccc23)cc1,True,0.2534321184575165,0.29974097,0.2366035662556431,0.87626827,0.75990975,0.34,0.58,0.52,0.56,-0.21333333333333332,False
Z2164028570,COc1cccc(-c2nn(C(C)(C)C)cc2CN(C)[C@@H]2COC[C@H]2O)c1,COc1cccc(-c2nn(C(C)(C)C)cc2CN(C)C2COCC2O)c1,c1ccc(-c2n[nH]cc2CNC2CCOC2)cc1,True,0.2544186185020269,0.33756548,0.1582873581220314,0.87198603,0.7688599,0.26,0.26,0.6,0.6,-0.22666666666666663,False
Z1316707062,OCCN(Cc1cccnc1)c1cc(-c2ccccc2)nc2ncnn12,OCCN(Cc1cccnc1)c1cc(-c2ccccc2)nc2ncnn12,c1ccc(-c2cc(NCc3cccnc3)n3ncnc3n2)cc1,True,0.3062429147880641,0.22959049,0.2386144566208576,0.8783052,0.76706386,0.38,0.64,0.24,1.0,-0.2466666666666666,False
Z1957999865,CN(C)c1nccc(N2CCCC(c3n[nH]cc3NC(=O)C3CCCC3)C2)n1,CN(C)c1nccc(N2CCCC(c3n[nH]cc3NC(=O)C3CCCC3)C2)n1,O=C(Nc1c[nH]nc1C1CCCN(c2ccncn2)C1)C1CCCC1,True,0.2479479455847136,0.34762052,0.1303014042155908,0.86971295,0.7607004,0.14,0.1,0.64,0.54,-0.2866666666666667,False
Z1651447143,CC(C)Oc1ccc(S(=O)(=O)Nc2ncn(C3CCCCC3)n2)cc1,CC(C)Oc1ccc(S(=O)(=O)Nc2ncn(C3CCCCC3)n2)cc1,O=S(=O)(Nc1ncn(C2CCCCC2)n1)c1ccccc1,True,0.2344287734967814,0.37326846,0.1464769220855685,0.86911666,0.7903552,0.12,0.18,0.88,0.24,-0.31333333333333335,False
Z2384675819,N#Cc1cccnc1NC[C@H]1CC[C@@H](c2nc(C3CC3)n[nH]2)O1,N#Cc1cccnc1NCC1CCC(c2nc(C3CC3)n[nH]2)O1,c1ccc(NCC2CCC(c3nc(C4CC4)n[nH]3)O2)nc1,True,0.2342603106327588,0.35401037,0.2082690301288652,0.86841124,0.7796018,0.1,0.46,0.68,0.22,-0.3533333333333334,False
Z1972472007,CC(C)c1nc(C2(NC(=O)c3cncnc3N)CCCC2)no1,CC(C)c1nc(C2(NC(=O)c3cncnc3N)CCCC2)no1,O=C(NC1(c2ncon2)CCCC1)c1cncnc1,True,0.2614933230758921,0.3733834,0.1450047151953264,0.8705839,0.8224162,0.24,0.14,0.9,0.76,-0.36,False
Z802750082,COc1ccccc1CN(Cc1nc2c(cnn2C)c(=O)[nH]1)C1CC1,COc1ccccc1CN(Cc1nc2c(cnn2C)c(=O)[nH]1)C1CC1,O=c1[nH]c(CN(Cc2ccccc2)C2CC2)nc2[nH]ncc12,True,0.2688094674447323,0.33331123,0.1825979677967872,0.87034374,0.7684732,0.2,0.42,0.54,0.84,-0.39999999999999997,False
Z3686115715,COc1ccc(C(NC[C@H]2C[C@@H](O)CN2c2cc(N)ncn2)C2CC2)c(F)c1,COc1ccc(C(NCC2CC(O)CN2c2cc(N)ncn2)C2CC2)c(F)c1,c1ccc(C(NCC2CCCN2c2ccncn2)C2CC2)cc1,True,0.2469282955489058,0.3774372,0.160335312652819,0.86973953,0.8195359,0.16,0.3,0.96,0.52,-0.43333333333333335,False
Z1464427385,COc1ccc2c(c1)c(C(=O)NCc1nccc(N)n1)c(C)n2C1CCCC1,COc1ccc2c(c1)c(C(=O)NCc1nccc(N)n1)c(C)n2C1CCCC1,O=C(NCc1ncccn1)c1cn(C2CCCC2)c2ccccc12,True,0.299057482920721,0.33597502,0.2225193160892762,0.8703076,0.78569174,0.18,0.48,0.58,0.98,-0.5,False
Z1883130290,CC(C)N1CCC(N(C)c2nc(N)c3cnn(C)c3n2)CC1,CC(C)N1CCC(N(C)c2nc(N)c3cnn(C)c3n2)CC1,c1n[nH]c2nc(NC3CCNCC3)ncc12,True,0.2466349627810847,0.37208775,0.1587054165378801,0.8494443,0.7597551,0.02,0.28,0.84,0.5,-0.52,False
Z1874184337,COc1ccc(CNc2ncnc(N)c2Cl)c(OC2CCCC2)c1,COc1ccc(CNc2ncnc(N)c2Cl)c(OC2CCCC2)c1,c1ccc(OC2CCCC2)c(CNc2ccncn2)c1,True,0.2816624558161694,0.3501838,0.1808764984612759,0.86245,0.7921054,0.06,0.4,0.66,0.9,-0.5933333333333333,False
Z2758147284,COc1ccnc(N2CCC(c3[nH]ncc3CNC(=O)C(C)C)C2)n1,COc1ccnc(N2CCC(c3[nH]ncc3CNC(=O)C(C)C)C2)n1,c1cnc(N2CCC(c3ccn[nH]3)C2)nc1,True,0.2644048724401381,0.36305228,0.1695171201024072,0.85675347,0.78754944,0.04,0.34,0.82,0.8,-0.6133333333333333,False
Z2242892526,COc1cc(OC)cc(-n2nnnc2CN(C)C(=O)C2CSCN2)c1,COc1cc(OC)cc(-n2nnnc2CN(C)C(=O)C2CSCN2)c1,O=C(NCc1nnnn1-c1ccccc1)C1CSCN1,True,0.290018237180528,0.3724962,0.1649338992807626,0.8654686,0.8273303,0.08,0.32,0.86,0.96,-0.6333333333333333,False
