CatalogID,SMILES,canonical,scaffold,valid,known_ligand_signal,known_ligand_ECFP_max,previously_evaluated_zero_hit,public_Tversky_kernel,DEL_Tversky_kernel,control_Tversky_kernel,G_KNOWN_LIGANDS_score,Score
Z31206039,CN(CCO)c1nc(-c2cccnc2)nc2ccccc12,CN(CCO)c1nc(-c2cccnc2)nc2ccccc12,c1cncc(-c2ncc3ccccc3n2)c1,True,0.59476036,0.5625,False,1.9284256e-05,3.0476978e-05,1.406712e-05,0.5881505846863052,0.5881505846863052
Z86317498,N#Cc1c(CCCNc2nc(-c3cccnc3)nc3ccccc23)n[nH]c1N,N#Cc1c(CCCNc2nc(-c3cccnc3)nc3ccccc23)n[nH]c1N,c1cncc(-c2nc(NCCCc3cc[nH]n3)c3ccccc3n2)c1,True,0.5500314,0.53333336,False,5.7715692e-06,5.0451217e-06,2.0434472e-06,0.5464829939623097,0.5464829939623097
Z278093176,CN(Cc1ccncc1)c1nc(-c2cccnc2)nc2ccccc12,CN(Cc1ccncc1)c1nc(-c2cccnc2)nc2ccccc12,c1cncc(-c2nc(NCc3ccncc3)c3ccccc3n2)c1,True,0.5474523,0.5074627,False,1.4560964e-05,2.0955049e-05,1.6932161e-05,0.5333132876458364,0.5333132876458364
Z31186273,CN(Cc1ccc2c(c1)OCCO2)c1nc(-c2cccnc2)nc2ccccc12,CN(Cc1ccc2c(c1)OCCO2)c1nc(-c2cccnc2)nc2ccccc12,c1cncc(-c2nc(NCc3ccc4c(c3)OCCO4)c3ccccc3n2)c1,True,0.47648668,0.44155845,False,1.5392636e-05,1.8543138e-05,1.6664166e-05,0.47037500693844836,0.47037500693844836
Z969114324,Cc1n[nH]c(C)c1CNc1nc(-c2cccnc2)nc2ccccc12,Cc1n[nH]c(C)c1CNc1nc(-c2cccnc2)nc2ccccc12,c1cncc(-c2nc(NCc3cn[nH]c3)c3ccccc3n2)c1,True,0.43063986,0.38961038,False,2.7900962e-05,2.3437442e-05,9.43367e-06,0.42901298801782756,0.42901298801782756
Z86317552,N#Cc1c(CCCNc2nc(-c3ccsc3)nc3ccccc23)n[nH]c1N,N#Cc1c(CCCNc2nc(-c3ccsc3)nc3ccccc23)n[nH]c1N,c1ccc2c(NCCCc3cc[nH]n3)nc(-c3ccsc3)nc2c1,True,0.4200645,0.3809524,False,1.899338e-06,1.9178017e-06,1.0807635e-06,0.422346144450048,0.422346144450048
Z1247229937,COCC1CCN(c2nc(-c3cccnc3)nc3ccccc23)C1,COCC1CCN(c2nc(-c3cccnc3)nc3ccccc23)C1,c1cncc(-c2nc(N3CCCC3)c3ccccc3n2)c1,True,0.41206154,0.35,False,8.069712e-05,8.455652e-05,4.0727347e-05,0.41152477261676484,0.41152477261676484
Z645686266,NS(=O)(=O)CCNc1nc(-c2cccnc2)nc2ccccc12,NS(=O)(=O)CCNc1nc(-c2cccnc2)nc2ccccc12,c1cncc(-c2ncc3ccccc3n2)c1,True,0.39381784,0.35526314,False,1.8115465e-05,2.1701637e-05,8.245512e-06,0.4009995061085979,0.4009995061085979
Z200264364,FC(F)(F)CN1CCN(c2nc(-c3cccnc3)nc3ccccc23)CC1,FC(F)(F)CN1CCN(c2nc(-c3cccnc3)nc3ccccc23)CC1,c1cncc(-c2nc(N3CCNCC3)c3ccccc3n2)c1,True,0.41037178,0.36363637,False,1.6858405e-05,2.3494376e-05,1.0424689e-05,0.39995460646044223,0.39995460646044223
Z2094642176,Cc1sc2nc(-c3cccnc3)nc(N(C)CCC(N)=O)c2c1C,Cc1sc2nc(-c3cccnc3)nc(N(C)CCC(N)=O)c2c1C,c1cncc(-c2ncc3ccsc3n2)c1,True,0.40580603,0.3580247,False,1.8381605e-05,1.8953682e-05,1.1958099e-05,0.3953693259757275,0.3953693259757275
Z1129905221,CC(O)CN1CCN(c2nc(-c3cccnc3)nc3ccccc23)CC1,CC(O)CN1CCN(c2nc(-c3cccnc3)nc3ccccc23)CC1,c1cncc(-c2nc(N3CCNCC3)c3ccccc3n2)c1,True,0.399934,0.35443038,False,3.1210904e-05,5.2843592e-05,2.7425713e-05,0.3934725740097581,0.3934725740097581
Z31259195,CN1CCCN(c2nc(-c3cccnc3)nc3ccccc23)CC1,CN1CCCN(c2nc(-c3cccnc3)nc3ccccc23)CC1,c1cncc(-c2nc(N3CCCNCC3)c3ccccc3n2)c1,True,0.39988893,0.33766234,False,2.3945462e-05,3.2560187e-05,1.4610899e-05,0.38949902150053295,0.38949902150053295
Z31219301,c1cncc(-c2nc(NCCCn3ccnc3)c3ccccc3n2)c1,c1cncc(-c2nc(NCCCn3ccnc3)c3ccccc3n2)c1,c1cncc(-c2nc(NCCCn3ccnc3)c3ccccc3n2)c1,True,0.38249737,0.35443038,False,1.3457233e-05,2.0979296e-05,4.0966785e-05,0.3848918633227031,0.3848918633227031
Z142808146,COc1ccc(C(CC(=O)Nc2ccc(C#N)cc2)NC(C)=O)cc1,COc1ccc(C(CC(=O)Nc2ccc(C#N)cc2)NC(C)=O)cc1,O=C(CCc1ccccc1)Nc1ccccc1,True,0.39795768,0.3846154,False,2.1065141e-05,3.277586e-05,5.218028e-05,0.3846889267070724,0.3846889267070724
Z31169325,CC(=O)NCCNc1nc(-c2cccnc2)nc2ccccc12,CC(=O)NCCNc1nc(-c2cccnc2)nc2ccccc12,c1cncc(-c2ncc3ccccc3n2)c1,True,0.3824734,0.35064936,False,6.143947e-05,6.886496e-05,3.490316e-05,0.3837146077035948,0.3837146077035948
Z31121223,Fc1ccccc1CNc1nc(-c2cccnc2)nc2ccccc12,Fc1ccccc1CNc1nc(-c2cccnc2)nc2ccccc12,c1ccc(CNc2nc(-c3cccnc3)nc3ccccc23)cc1,True,0.3779205,0.34210527,False,2.6446969e-05,2.6702468e-05,1.3731766e-05,0.3826725043448404,0.3826725043448404
Z31176205,c1ccc(OCCNc2nc(-c3cccnc3)nc3ccccc23)cc1,c1ccc(OCCNc2nc(-c3cccnc3)nc3ccccc23)cc1,c1ccc(OCCNc2nc(-c3cccnc3)nc3ccccc23)cc1,True,0.3835371,0.34210527,False,1.9134659e-05,2.3328965e-05,1.1961868e-05,0.38225089061752726,0.38225089061752726
Z646393102,c1cncc(-c2nc(NC3CCOCC3)c3ccccc3n2)c1,c1cncc(-c2nc(NC3CCOCC3)c3ccccc3n2)c1,c1cncc(-c2nc(NC3CCOCC3)c3ccccc3n2)c1,True,0.37814343,0.32467532,False,2.9320383e-05,3.1381882e-05,1.3349005e-05,0.38060362207322185,0.38060362207322185
Z31135655,COc1ccccc1OCCNc1nc(-c2cccnc2)nc2ccccc12,COc1ccccc1OCCNc1nc(-c2cccnc2)nc2ccccc12,c1ccc(OCCNc2nc(-c3cccnc3)nc3ccccc23)cc1,True,0.37819853,0.3375,False,2.2562093e-05,2.8120845e-05,1.5494068e-05,0.37827135364590764,0.37827135364590764
Z31161609,O=C(c1ccccc1)N1CCN(c2nc(-c3cccnc3)nc3ccccc23)CC1,O=C(c1ccccc1)N1CCN(c2nc(-c3cccnc3)nc3ccccc23)CC1,O=C(c1ccccc1)N1CCN(c2nc(-c3cccnc3)nc3ccccc23)CC1,True,0.3865646,0.3164557,False,0.00012587724,0.00014956103,5.0871746e-05,0.3771801886250339,0.3771801886250339
Z94807837,O=C(O)C1CCCN(c2nc(-c3cccnc3)nc3ccccc23)C1,O=C(O)C1CCCN(c2nc(-c3cccnc3)nc3ccccc23)C1,c1cncc(-c2nc(N3CCCCC3)c3ccccc3n2)c1,True,0.36140013,0.30120483,False,8.6347165e-05,0.00011499191,5.8808393e-05,0.3744121360153524,0.3744121360153524
Z991000576,c1cncc(-c2nc(N3CCn4ccnc4C3)c3ccccc3n2)c1,c1cncc(-c2nc(N3CCn4ccnc4C3)c3ccccc3n2)c1,c1cncc(-c2nc(N3CCn4ccnc4C3)c3ccccc3n2)c1,True,0.3746362,0.325,False,1.1947299e-05,1.40022985e-05,5.917321e-06,0.3667784368120309,0.3667784368120309
Z64648585,C=CCNc1nnc(Sc2nc(-c3cccnc3)nc3ccccc23)s1,C=CCNc1nnc(Sc2nc(-c3cccnc3)nc3ccccc23)s1,c1cncc(-c2nc(Sc3nncs3)c3ccccc3n2)c1,True,0.36080626,0.31764707,False,3.2948146e-06,4.2086695e-06,1.7001371e-06,0.36618102654333495,0.36618102654333495
Z445011050,CC1CCC(C(N)=O)CN1c1nc(-c2cccnc2)nc2ccccc12,CC1CCC(C(N)=O)CN1c1nc(-c2cccnc2)nc2ccccc12,c1cncc(-c2nc(N3CCCCC3)c3ccccc3n2)c1,True,0.37202787,0.32142857,False,8.1321195e-05,7.727168e-05,3.3210716e-05,0.3651918695664526,0.3651918695664526
Z646438634,Cn1cc(Nc2nc(-c3cccnc3)nc3ccccc23)cn1,Cn1cc(Nc2nc(-c3cccnc3)nc3ccccc23)cn1,c1cncc(-c2nc(Nc3cn[nH]c3)c3ccccc3n2)c1,True,0.37040177,0.33766234,False,2.3137403e-05,2.9309678e-05,1.3677268e-05,0.36308706089562415,0.36308706089562415
Z68339824,O=C(CN1CCN(c2nc(-c3cccnc3)nc3ccccc23)CC1)N1CCCC1,O=C(CN1CCN(c2nc(-c3cccnc3)nc3ccccc23)CC1)N1CCCC1,O=C(CN1CCN(c2nc(-c3cccnc3)nc3ccccc23)CC1)N1CCCC1,True,0.37431097,0.3253012,False,4.655494e-05,6.7765315e-05,4.4358545e-05,0.36120830815808275,0.36120830815808275
Z31065921,COc1ccc(Nc2nc(-c3cccnc3)nc3ccccc23)cc1O,COc1ccc(Nc2nc(-c3cccnc3)nc3ccccc23)cc1O,c1ccc(Nc2nc(-c3cccnc3)nc3ccccc23)cc1,True,0.35160375,0.31707317,False,2.481353e-05,3.50721e-05,1.73163e-05,0.36065559124970653,0.36065559124970653
Z645015244,CC1CCN(CCNc2nc(-c3cccnc3)nc3ccccc23)CC1,CC1CCN(CCNc2nc(-c3cccnc3)nc3ccccc23)CC1,c1cncc(-c2nc(NCCN3CCCCC3)c3ccccc3n2)c1,True,0.3646208,0.3292683,False,4.6317276e-05,5.325374e-05,3.39118e-05,0.36010630412553557,0.36010630412553557
Z104767474,COc1cccc(-c2noc(CNc3ccc(C#N)cc3)n2)c1,COc1cccc(-c2noc(CNc3ccc(C#N)cc3)n2)c1,c1ccc(NCc2nc(-c3ccccc3)no2)cc1,True,0.3675371,0.33734939,False,5.1317504e-05,5.2490082e-05,2.9687926e-05,0.3570216932765399,0.3570216932765399
Z4522166579,COCC1(CNc2nc(-c3cccnc3)nc3ccccc23)CCCO1,COCC1(CNc2nc(-c3cccnc3)nc3ccccc23)CCCO1,c1cncc(-c2nc(NCC3CCCO3)c3ccccc3n2)c1,True,0.3569158,0.31034482,False,7.779242e-06,1.211372e-05,6.7108026e-06,0.35696536878142826,0.35696536878142826
Z86389261,c1cncc(-c2nc(Sc3nnc(NC4CC4)s3)c3ccccc3n2)c1,c1cncc(-c2nc(Sc3nnc(NC4CC4)s3)c3ccccc3n2)c1,c1cncc(-c2nc(Sc3nnc(NC4CC4)s3)c3ccccc3n2)c1,True,0.34980536,0.29411766,False,1.30673525e-05,1.09337125e-05,5.127925e-06,0.35506406450069106,0.35506406450069106
Z30377054,CCN(Cc1nc2cc(OC)c(OC)cc2c(=O)[nH]1)C(=O)c1cccc(C#N)c1,CCN(Cc1nc2cc(OC)c(OC)cc2c(=O)[nH]1)C(=O)c1cccc(C#N)c1,O=C(NCc1nc2ccccc2c(=O)[nH]1)c1ccccc1,True,0.3419048,0.31868133,False,3.3224005e-05,2.4602106e-05,1.4130398e-05,0.3519800221903006,0.3519800221903006
Z1333173621,OC[C@H]1C=C[C@@H](Nc2nc(-c3cccnc3)nc3ccccc23)C1,OCC1C=CC(Nc2nc(-c3cccnc3)nc3ccccc23)C1,C1=CC(Nc2nc(-c3cccnc3)nc3ccccc23)CC1,True,0.35469738,0.32098764,False,2.053648e-05,2.621167e-05,1.2458378e-05,0.3506676846790341,0.3506676846790341
Z217630372,COc1ccc2nc(C(=O)Nc3ccc(C#N)cc3)ccc2c1,COc1ccc2nc(C(=O)Nc3ccc(C#N)cc3)ccc2c1,O=C(Nc1ccccc1)c1ccc2ccccc2n1,True,0.336605,0.30487806,False,3.695317e-05,5.647297e-05,3.9297163e-05,0.350450947868835,0.350450947868835
Z128083384,c1cncc(-c2nc(Sc3nnc(NCC4CCCO4)s3)c3ccccc3n2)c1,c1cncc(-c2nc(Sc3nnc(NCC4CCCO4)s3)c3ccccc3n2)c1,c1cncc(-c2nc(Sc3nnc(NCC4CCCO4)s3)c3ccccc3n2)c1,True,0.3272355,0.2795699,False,7.4935974e-06,8.975396e-06,6.1038168e-06,0.34480797022404497,0.34480797022404497
Z815806544,OC(CNc1nc(-c2cccnc2)nc2ccccc12)COc1ccc(F)cc1,OC(CNc1nc(-c2cccnc2)nc2ccccc12)COc1ccc(F)cc1,c1ccc(OCCCNc2nc(-c3cccnc3)nc3ccccc23)cc1,True,0.33759865,0.30588236,False,2.8431767e-05,2.4200122e-05,1.0681006e-05,0.3416334821818666,0.3416334821818666
Z1188029544,CCC(Nc1ccc(Oc2ccc(C#N)cc2OC)cc1)C(N)=O,CCC(Nc1ccc(Oc2ccc(C#N)cc2OC)cc1)C(N)=O,c1ccc(Oc2ccccc2)cc1,True,0.33486748,0.30588236,False,1.998037e-05,2.4233435e-05,1.9164681e-05,0.335989996001204,0.335989996001204
Z1319986936,COc1ccc(C)nc1NC(=O)c1ccc(C#N)cc1,COc1ccc(C)nc1NC(=O)c1ccc(C#N)cc1,O=C(Nc1ccccn1)c1ccccc1,True,0.34242982,0.32051283,False,3.5693192e-05,4.5685476e-05,3.8265658e-05,0.33371134518347856,0.33371134518347856
Z16078176,COc1ccc2nc(SCC(=O)Nc3ccc(C#N)cc3)[nH]c2c1,COc1ccc2nc(SCC(=O)Nc3ccc(C#N)cc3)[nH]c2c1,O=C(CSc1nc2ccccc2[nH]1)Nc1ccccc1,True,0.33488148,0.3218391,False,4.657482e-05,4.214018e-05,3.4752815e-05,0.33141338548427784,0.33141338548427784
Z106946308,COc1ccc(-c2noc(COc3ccc(C#N)cc3)n2)c(OC)c1,COc1ccc(-c2noc(COc3ccc(C#N)cc3)n2)c(OC)c1,c1ccc(OCc2nc(-c3ccccc3)no2)cc1,True,0.33166903,0.30120483,False,1.3280779e-05,1.7075e-05,1.4406495e-05,0.3293235500276092,0.3293235500276092
Z128024554,c1cncc(-c2nc(Sc3nnnn3C3CCCCC3)c3ccccc3n2)c1,c1cncc(-c2nc(Sc3nnnn3C3CCCCC3)c3ccccc3n2)c1,c1cncc(-c2nc(Sc3nnnn3C3CCCCC3)c3ccccc3n2)c1,True,0.3366524,0.29411766,False,8.19789e-06,1.0449966e-05,6.2486997e-06,0.3289124491165181,0.3289124491165181
Z219182198,CN(Cc1nc2ccccc2c(=O)[nH]1)c1ccc(C#N)cn1,CN(Cc1nc2ccccc2c(=O)[nH]1)c1ccc(C#N)cn1,O=c1[nH]c(CNc2ccccn2)nc2ccccc12,True,0.30893138,0.2804878,False,3.608212e-05,2.0494877e-05,9.575588e-06,0.3287961406466309,0.3287961406466309
Z1577032807,CCOC(=O)c1c(N(C)CCc2cnccn2)nc2ccccc2c1C,CCOC(=O)c1c(N(C)CCc2cnccn2)nc2ccccc2c1C,c1ccc2nc(NCCc3cnccn3)ccc2c1,True,0.32453135,0.30588236,False,1.5016312e-05,2.1704136e-05,1.8890567e-05,0.32800333966568584,0.32800333966568584
Z31172471,c1ccc(CN2CCOC(CNc3nc(-c4cccnc4)nc4ccccc34)C2)cc1,c1ccc(CN2CCOC(CNc3nc(-c4cccnc4)nc4ccccc34)C2)cc1,c1ccc(CN2CCOC(CNc3nc(-c4cccnc4)nc4ccccc34)C2)cc1,True,0.33218795,0.29213482,False,3.9811683e-05,3.5521873e-05,5.3314332e-05,0.32569267295927123,0.32569267295927123
Z1102083244,CNC(=O)CN(C)C(=O)c1cccc(Oc2ccc(C#N)cc2)c1,CNC(=O)CN(C)C(=O)c1cccc(Oc2ccc(C#N)cc2)c1,c1ccc(Oc2ccccc2)cc1,True,0.33047205,0.30120483,False,0.00017886583,0.00012041362,0.00010402924,0.32362501863436866,0.32362501863436866
Z146290706,COC(=O)CC(NC(=O)c1cnc2ccccc2n1)c1ccc(OC)c(OC)c1,COC(=O)CC(NC(=O)c1cnc2ccccc2n1)c1ccc(OC)c(OC)c1,O=C(NCc1ccccc1)c1cnc2ccccc2n1,True,0.3049659,0.2840909,False,4.905351e-05,7.844233e-05,4.8320722e-05,0.3232072940636025,0.3232072940636025
Z138663048,COc1ccc(-c2noc(CNc3cccc(C#N)c3)n2)cc1OC,COc1ccc(-c2noc(CNc3cccc(C#N)c3)n2)cc1OC,c1ccc(NCc2nc(-c3ccccc3)no2)cc1,True,0.33211088,0.28735632,False,5.29237e-05,5.216307e-05,2.7458223e-05,0.322368647196532,0.322368647196532
Z2698740671,COc1cc(C(F)(F)F)nc(NC(C)c2ccc(C#N)cc2)n1,COc1cc(C(F)(F)F)nc(NC(C)c2ccc(C#N)cc2)n1,c1ccc(CNc2ncccn2)cc1,True,0.32653508,0.30487806,False,8.287508e-06,7.807692e-06,4.2229226e-06,0.32162284914832484,0.32162284914832484
Z1101727276,COc1ccc(Cl)c(NC(=O)CSc2ccc(C#N)cc2)c1,COc1ccc(Cl)c(NC(=O)CSc2ccc(C#N)cc2)c1,O=C(CSc1ccccc1)Nc1ccccc1,True,0.3167828,0.29761904,False,2.1283982e-05,2.5808346e-05,2.309268e-05,0.3206163067886904,0.3206163067886904
Z1640973495,COc1cc(C#N)ccc1CNC(CO)c1ccccc1,COc1cc(C#N)ccc1CNC(CO)c1ccccc1,c1ccc(CNCc2ccccc2)cc1,True,0.31621215,0.29268292,False,3.599772e-05,4.361028e-05,3.2296964e-05,0.3197458549316494,0.3197458549316494
