CatalogID,SMILES,canonical,scaffold,valid,known_ligand_signal,known_ligand_ECFP_max,previously_evaluated_zero_hit,public_Tversky_kernel,DEL_Tversky_kernel,control_Tversky_kernel,G_KNOWN_LIGANDS_score,H_SELECTIVE_DEL_score,Score
Z1574934396,O=C(c1ccc2nc[nH]c2n1)N1CC2CCCC2C1,O=C(c1ccc2nc[nH]c2n1)N1CC2CCCC2C1,O=C(c1ccc2nc[nH]c2n1)N1CC2CCCC2C1,True,0.12501296,0.10752688,False,0.001474167,0.0007234098,9.19809e-05,0.1455103372161041,2.5451014,2.5451014
Z787515542,O=C(c1ccc2[nH]cnc2c1)N1CCN(C(=O)C2CC=CCC2)CC1,O=C(c1ccc2[nH]cnc2c1)N1CCN(C(=O)C2CC=CCC2)CC1,O=C(c1ccc2[nH]cnc2c1)N1CCN(C(=O)C2CC=CCC2)CC1,True,0.13394864,0.11,False,0.0011128463,0.00053692923,5.4866363e-05,0.1615109257045182,2.5179265,2.5179265
Z45690049,O=S(=O)(Nc1ccc2cn[nH]c2c1)c1ccc(F)cc1,O=S(=O)(Nc1ccc2cn[nH]c2c1)c1ccc(F)cc1,O=S(=O)(Nc1ccc2cn[nH]c2c1)c1ccccc1,True,0.13253905,0.10989011,False,0.00024938644,7.014524e-05,1.2216572e-05,0.15314268572962142,2.4304063,2.4304063
Z261773286,O=C(Nc1ccc2[nH]ncc2c1)c1cc(F)ccc1F,O=C(Nc1ccc2[nH]ncc2c1)c1cc(F)ccc1F,O=C(Nc1ccc2[nH]ncc2c1)c1ccccc1,True,0.1358062,0.11827957,False,0.0006473955,0.00017690874,3.0907053e-05,0.1473524808145655,2.3742702,2.3742702
Z343277890,CN(C)S(=O)(=O)N1CCN(C(=O)c2ccc3[nH]cnc3c2)CC1,CN(C)S(=O)(=O)N1CCN(C(=O)c2ccc3[nH]cnc3c2)CC1,O=C(c1ccc2[nH]cnc2c1)N1CCNCC1,True,0.13535969,0.11340206,False,0.0011960939,0.0005986157,5.740852e-05,0.16671158219661752,2.3631966,2.3631966
Z787516522,O=C(c1ccc2[nH]cnc2c1)N1CCN(C(=O)C2CCCCC2)CC1,O=C(c1ccc2[nH]cnc2c1)N1CCN(C(=O)C2CCCCC2)CC1,O=C(c1ccc2[nH]cnc2c1)N1CCN(C(=O)C2CCCCC2)CC1,True,0.1371468,0.114583336,False,0.0019938778,0.0009793009,0.00012784636,0.16611031524102418,2.3188493,2.3188493
Z2281568756,CC1(C)CN(C(=O)c2ccc3[nH]cnc3c2)CC(C)(C(F)(F)F)O1,CC1(C)CN(C(=O)c2ccc3[nH]cnc3c2)CC(C)(C(F)(F)F)O1,O=C(c1ccc2[nH]cnc2c1)N1CCOCC1,True,0.1313815,0.10891089,False,0.00039992607,0.00019496019,2.0456486e-05,0.1568207083844527,2.3090625,2.3090625
Z750040788,Cc1ccc(NC(=O)C2CCN(C(=O)c3ccc4[nH]cnc4c3)CC2)nc1,Cc1ccc(NC(=O)C2CCN(C(=O)c3ccc4[nH]cnc4c3)CC2)nc1,O=C(Nc1ccccn1)C1CCN(C(=O)c2ccc3[nH]cnc3c2)CC1,True,0.15023142,0.1262136,False,0.0019036229,0.0009940832,0.000121945784,0.17749698355835458,2.289253,2.289253
Z1128428783,O=C(c1ccc2[nH]cnc2c1)N1CCN(C(=O)C2CCc3ccccc32)CC1,O=C(c1ccc2[nH]cnc2c1)N1CCN(C(=O)C2CCc3ccccc32)CC1,O=C(c1ccc2[nH]cnc2c1)N1CCN(C(=O)C2CCc3ccccc32)CC1,True,0.12672997,0.10784314,False,0.0010623554,0.00053989945,6.822416e-05,0.16123266610913964,2.286138,2.286138
Z1668660106,O=C(c1ccc2nc[nH]c2n1)N1CCOC(c2cccc(Br)c2)C1,O=C(c1ccc2nc[nH]c2n1)N1CCOC(c2cccc(Br)c2)C1,O=C(c1ccc2nc[nH]c2n1)N1CCOC(c2ccccc2)C1,True,0.1185547,0.10280374,False,0.0006628267,0.00034812524,4.1748805e-05,0.1436882559264043,2.240583,2.240583
Z2902496051,O=c1[nH]cnc2cc(-c3nc(-c4ccccn4)no3)ccc12,O=c1[nH]cnc2cc(-c3nc(-c4ccccn4)no3)ccc12,O=c1[nH]cnc2cc(-c3nc(-c4ccccn4)no3)ccc12,True,0.18197161,0.14444445,False,0.00010149443,3.8162834e-05,6.892759e-06,0.20409492251202674,2.2339396,2.2339396
Z1325608648,O=C(c1cnc2[nH]c(=O)[nH]c(=O)c2c1)N1CCOC(c2cccc(C(F)(F)F)c2)C1,O=C(c1cnc2[nH]c(=O)[nH]c(=O)c2c1)N1CCOC(c2cccc(C(F)(F)F)c2)C1,O=C(c1cnc2[nH]c(=O)[nH]c(=O)c2c1)N1CCOC(c2ccccc2)C1,True,0.12344633,0.10714286,False,0.0006576559,0.00029925758,3.570954e-05,0.13047511560660163,2.2222025,2.2222025
Z2608780410,O=C(c1ccc2nc[nH]c2n1)N1CCC(c2nccc(-c3cccc(F)c3)n2)CC1,O=C(c1ccc2nc[nH]c2n1)N1CCC(c2nccc(-c3cccc(F)c3)n2)CC1,O=C(c1ccc2nc[nH]c2n1)N1CCC(c2nccc(-c3ccccc3)n2)CC1,True,0.13699214,0.115384616,False,0.000607098,0.0003140637,5.352012e-05,0.14706302382737177,2.2150512,2.2150512
Z354910190,O=C(Nc1ccc2[nH]ncc2c1)c1cnn(-c2ccc(F)cc2)c1C(F)(F)F,O=C(Nc1ccc2[nH]ncc2c1)c1cnn(-c2ccc(F)cc2)c1C(F)(F)F,O=C(Nc1ccc2[nH]ncc2c1)c1cnn(-c2ccccc2)c1,True,0.12857352,0.116504855,False,0.00023710437,7.1518334e-05,1.4242069e-05,0.14172501931532316,2.2145467,2.2145467
Z29537585,O=C(c1ccc2[nH]cnc2c1)N1CCN(S(=O)(=O)c2cccc(Cl)c2)CC1,O=C(c1ccc2[nH]cnc2c1)N1CCN(S(=O)(=O)c2cccc(Cl)c2)CC1,O=C(c1ccc2[nH]cnc2c1)N1CCN(S(=O)(=O)c2ccccc2)CC1,True,0.11611842,0.09615385,False,0.0006762941,0.00032996165,4.055546e-05,0.14665860930763802,2.2088623,2.2088623
Z750059440,Cc1ccc(NC(=O)C2CCCN(C(=O)c3ccc4[nH]cnc4c3)C2)nc1,Cc1ccc(NC(=O)C2CCCN(C(=O)c3ccc4[nH]cnc4c3)C2)nc1,O=C(Nc1ccccn1)C1CCCN(C(=O)c2ccc3[nH]cnc3c2)C1,True,0.14315604,0.12037037,False,0.0013313433,0.00063321914,0.00010314437,0.16545211098676624,2.1939423,2.1939423
Z2060532346,NC(=O)[C@@H]1C[C@@H](F)CN1C(=O)c1ccc2[nH]cnc2c1,NC(=O)C1CC(F)CN1C(=O)c1ccc2[nH]cnc2c1,O=C(c1ccc2[nH]cnc2c1)N1CCCC1,True,0.1286494,0.1010101,False,0.00038620323,0.00019502835,2.322693e-05,0.1554429165333121,2.1936674,2.1936674
Z226036102,CCN(CC)S(=O)(=O)N1CCN(C(=O)c2ccc3[nH]cnc3c2)CC1,CCN(CC)S(=O)(=O)N1CCN(C(=O)c2ccc3[nH]cnc3c2)CC1,O=C(c1ccc2[nH]cnc2c1)N1CCNCC1,True,0.14157534,0.121212125,False,0.00096485915,0.00048975006,6.160845e-05,0.17190659291818694,2.1927164,2.1927164
Z641838178,O=C(c1cnc2[nH]c(=O)[nH]c(=O)c2c1)N1Cc2ccccc2C(c2ccccc2)C1,O=C(c1cnc2[nH]c(=O)[nH]c(=O)c2c1)N1Cc2ccccc2C(c2ccccc2)C1,O=C(c1cnc2[nH]c(=O)[nH]c(=O)c2c1)N1Cc2ccccc2C(c2ccccc2)C1,True,0.14580719,0.12,False,0.00073486846,0.00035139464,3.9555987e-05,0.14902989539078382,2.1920462,2.1920462
Z226048908,O=C(c1ccc2[nH]cnc2c1)N1CCC(NS(=O)(=O)c2ccccc2)CC1,O=C(c1ccc2[nH]cnc2c1)N1CCC(NS(=O)(=O)c2ccccc2)CC1,O=C(c1ccc2[nH]cnc2c1)N1CCC(NS(=O)(=O)c2ccccc2)CC1,True,0.13226163,0.106796116,False,0.0012690694,0.0005980525,0.00010537463,0.16730315367080245,2.1707435,2.1707435
Z45627910,O=S(=O)(Nc1ccc2[nH]ncc2c1)c1cc(C(F)(F)F)ccc1Cl,O=S(=O)(Nc1ccc2[nH]ncc2c1)c1cc(C(F)(F)F)ccc1Cl,O=S(=O)(Nc1ccc2[nH]ncc2c1)c1ccccc1,True,0.110455245,0.09,False,6.86362e-05,2.0987154e-05,4.655997e-06,0.12969035430709777,2.1656218,2.1656218
Z1480753956,Clc1ccc(-c2n[nH]cc2CNc2ccc3[nH]ncc3c2)cc1,Clc1ccc(-c2n[nH]cc2CNc2ccc3[nH]ncc3c2)cc1,c1ccc(-c2n[nH]cc2CNc2ccc3[nH]ncc3c2)cc1,True,0.14001289,0.11827957,False,0.000116796116,4.9420305e-05,1.1269972e-05,0.1535348224445681,2.1594963,2.1594963
Z955558552,O=C(Nc1nnc[nH]1)C1CC1c1cccc(Br)c1,O=C(Nc1nnc[nH]1)C1CC1c1cccc(Br)c1,O=C(Nc1nnc[nH]1)C1CC1c1ccccc1,True,0.11364125,0.091836736,False,0.00034890405,0.00016896875,1.9181882e-05,0.11503458270582916,2.1591618,2.1591618
Z1410435674,CCN1C(=O)C2CN(C(=O)c3ccc4[nH]cnc4c3)CCN2C1=O,CCN1C(=O)C2CN(C(=O)c3ccc4[nH]cnc4c3)CCN2C1=O,O=C1NC(=O)N2CCN(C(=O)c3ccc4[nH]cnc4c3)CC12,True,0.14394487,0.1262136,False,0.00064504624,0.00034733332,5.2887484e-05,0.17878686466690435,2.1540434,2.1540434
Z2410284560,O=C(c1cc2[nH]cnc2cc1F)N1C[C@@H]2CCS(=O)(=O)[C@@H]2C1,O=C(c1cc2[nH]cnc2cc1F)N1CC2CCS(=O)(=O)C2C1,O=C(c1ccc2nc[nH]c2c1)N1CC2CCS(=O)(=O)C2C1,True,0.09624429,0.07692308,False,0.00021244807,0.00010121925,1.5812535e-05,0.11537418526973992,2.1509545,2.1509545
Z2158487351,Cc1cc(-c2noc(C(C)(C)C(N)=O)n2)cc2nc[nH]c12,Cc1cc(-c2noc(C(C)(C)C(N)=O)n2)cc2nc[nH]c12,c1nc2cc(-c3ncon3)ccc2[nH]1,True,0.16388747,0.13541667,False,0.00011531073,5.8304755e-05,7.3367455e-06,0.17768378244378577,2.142567,2.142567
Z2158486014,Cc1cc(-c2noc(C(C)(C)C3CC3)n2)cc2nc[nH]c12,Cc1cc(-c2noc(C(C)(C)C3CC3)n2)cc2nc[nH]c12,c1nc2cc(-c3noc(CC4CC4)n3)ccc2[nH]1,True,0.13244018,0.10752688,False,7.6678574e-05,3.528934e-05,5.6080057e-06,0.14301709170692786,2.1408842,2.1408842
Z56801640,O=c1[nH]cnc2scc(-c3ccc(-c4ccccc4)cc3)c12,O=c1[nH]cnc2scc(-c3ccc(-c4ccccc4)cc3)c12,O=c1[nH]cnc2scc(-c3ccc(-c4ccccc4)cc3)c12,True,0.16021666,0.12195122,False,5.2358155e-05,2.5601163e-05,5.9421873e-06,0.15486272823170513,2.1408575,2.1408575
Z2755334358,Cc1cccc([C@@H]2C[C@H]2C(=O)NC2CCC(C(=O)O)CC2)c1,Cc1cccc(C2CC2C(=O)NC2CCC(C(=O)O)CC2)c1,O=C(NC1CCCCC1)C1CC1c1ccccc1,True,0.11703602,0.09375,False,0.0019871905,0.00049469084,8.666436e-05,0.11688384843172184,2.1393895,2.1393895
Z1190992265,CC(C)C(C)C(=O)N1CCN(C(=O)c2ccc3[nH]cnc3c2)CC1,CC(C)C(C)C(=O)N1CCN(C(=O)c2ccc3[nH]cnc3c2)CC1,O=C(c1ccc2[nH]cnc2c1)N1CCNCC1,True,0.14831579,0.12765957,False,0.0008751183,0.0005355686,7.287445e-05,0.17715756471972627,2.137276,2.137276
Z26829110,O=C(c1ccc2[nH]cnc2c1)N1CCN(c2cccc(C(F)(F)F)c2)CC1,O=C(c1ccc2[nH]cnc2c1)N1CCN(c2cccc(C(F)(F)F)c2)CC1,O=C(c1ccc2[nH]cnc2c1)N1CCN(c2ccccc2)CC1,True,0.11935924,0.097087376,False,0.00069015054,0.000347079,4.3157695e-05,0.1495638193460059,2.1343224,2.1343224
Z2763724051,CN1C[C@@H](NC(=O)c2ccc3nc[nH]c3n2)[C@H](c2cncn2C)C1,CN1CC(NC(=O)c2ccc3nc[nH]c3n2)C(c2cncn2C)C1,O=C(NC1CNCC1c1cnc[nH]1)c1ccc2nc[nH]c2n1,True,0.13897072,0.1262136,False,0.00031138991,0.00015197298,1.7976641e-05,0.17460900312919098,2.131731,2.131731
Z212822634,O=C(c1ccc2[nH]cnc2c1)N1CCC(NS(=O)(=O)c2cccs2)CC1,O=C(c1ccc2[nH]cnc2c1)N1CCC(NS(=O)(=O)c2cccs2)CC1,O=C(c1ccc2[nH]cnc2c1)N1CCC(NS(=O)(=O)c2cccs2)CC1,True,0.12872785,0.10280374,False,0.0006943082,0.0003237536,4.996988e-05,0.16696672821252834,2.1316826,2.1316826
Z2861299252,N[C@H]1C[C@@H](CNC(=O)C(=O)NC2COc3ccc(Cl)cc32)C1,NC1CC(CNC(=O)C(=O)NC2COc3ccc(Cl)cc32)C1,O=C(NCC1CCC1)C(=O)NC1COc2ccccc21,True,0.11674014,0.089108914,False,0.00050934934,0.00020533756,1.4321077e-05,0.1384706604874319,2.1170864,2.1170864
Z1104036105,Cn1cc(C2CCCN2C(=O)c2ccc3[nH]cnc3c2)cn1,Cn1cc(C2CCCN2C(=O)c2ccc3[nH]cnc3c2)cn1,O=C(c1ccc2[nH]cnc2c1)N1CCCC1c1cn[nH]c1,True,0.13744074,0.11764706,False,0.00059951213,0.00029223817,5.5713932e-05,0.1659051478999216,2.114184,2.114184
Z1998443968,O=C(c1cc(F)cc2[nH]cnc12)N1CC(O)CC1c1cccc(F)c1,O=C(c1cc(F)cc2[nH]cnc12)N1CC(O)CC1c1cccc(F)c1,O=C(c1cccc2[nH]cnc12)N1CCCC1c1ccccc1,True,0.09505123,0.07476635,False,0.00021991099,0.00011593383,1.8589024e-05,0.09295279787009436,2.1091397,2.1091397
Z32444378,O=C(NC1CCC(O)CC1)c1ccc2[nH]cnc2c1,O=C(NC1CCC(O)CC1)c1ccc2[nH]cnc2c1,O=C(NC1CCCCC1)c1ccc2[nH]cnc2c1,True,0.1481385,0.12087912,False,0.0014637319,0.0005165898,8.981828e-05,0.1735838634243424,2.1076653,2.1076653
Z45627998,O=S(=O)(Nc1ccc2[nH]ncc2c1)c1ccc(C(F)(F)F)cc1,O=S(=O)(Nc1ccc2[nH]ncc2c1)c1ccc(C(F)(F)F)cc1,O=S(=O)(Nc1ccc2[nH]ncc2c1)c1ccccc1,True,0.11777927,0.094736844,False,0.00012828174,4.1325577e-05,9.257471e-06,0.14128648917257314,2.10637,2.10637
Z971206114,O=C(NC1CCC(O)CC1)C1CC1c1ccc(Br)cc1,O=C(NC1CCC(O)CC1)C1CC1c1ccc(Br)cc1,O=C(NC1CCCCC1)C1CC1c1ccccc1,True,0.1141028,0.08791209,False,0.00039772427,9.897805e-05,1.9481102e-05,0.1127233861316872,2.1036694,2.1036694
Z1139393905,Cc1ccc(NC2CCN(C(=O)c3ccc4[nH]cnc4c3)CC2)nn1,Cc1ccc(NC2CCN(C(=O)c3ccc4[nH]cnc4c3)CC2)nn1,O=C(c1ccc2[nH]cnc2c1)N1CCC(Nc2cccnn2)CC1,True,0.15106952,0.12745099,False,0.0009771024,0.00047105143,7.1327e-05,0.1768681383059372,2.1005597,2.1005597
Z69128902,O=C(c1ccc2[nH]cnc2c1)N1CCCC(C(F)(F)F)C1,O=C(c1ccc2[nH]cnc2c1)N1CCCC(C(F)(F)F)C1,O=C(c1ccc2[nH]cnc2c1)N1CCCCC1,True,0.12196401,0.1,False,0.0012019847,0.00055497396,0.00010051701,0.15290180080645624,2.1000764,2.1000764
Z1669681212,CC(C)(C)NC(=O)N1CCC(NC(=O)c2ccc3nc[nH]c3n2)CC1,CC(C)(C)NC(=O)N1CCC(NC(=O)c2ccc3nc[nH]c3n2)CC1,O=C(NC1CCNCC1)c1ccc2nc[nH]c2n1,True,0.1297183,0.10891089,False,0.00055411615,0.00026081782,5.7675246e-05,0.15918154499018985,2.090472,2.090472
Z3991884462,FC(F)Oc1ccc(CNc2cnc3[nH]ncc3c2)cc1Br,FC(F)Oc1ccc(CNc2cnc3[nH]ncc3c2)cc1Br,c1ccc(CNc2cnc3[nH]ncc3c2)cc1,True,0.1513649,0.12371134,False,0.00014172483,5.0210234e-05,9.348138e-06,0.17243674632763853,2.0872896,2.0872896
Z1178129102,C#CCOC1CCN(C(=O)c2ccc3[nH]cnc3c2)CC1,C#CCOC1CCN(C(=O)c2ccc3[nH]cnc3c2)CC1,O=C(c1ccc2[nH]cnc2c1)N1CCCCC1,True,0.15742734,0.13402061,False,0.0013310469,0.0006653741,9.899172e-05,0.18592129395947432,2.084609,2.084609
Z30624570,O=C(c1ccc2[nH]cnc2c1)N1CCc2ccccc21,O=C(c1ccc2[nH]cnc2c1)N1CCc2ccccc21,O=C(c1ccc2[nH]cnc2c1)N1CCc2ccccc21,True,0.12710333,0.104166664,False,0.00042034802,0.0002276205,3.5271343e-05,0.14504363665095904,2.0818539,2.0818539
Z2232121002,O=C(c1cnc2[nH]c(=O)[nH]c(=O)c2c1)N1CCc2ccccc2[C@@H]1c1ccccc1,O=C(c1cnc2[nH]c(=O)[nH]c(=O)c2c1)N1CCc2ccccc2C1c1ccccc1,O=C(c1cnc2[nH]c(=O)[nH]c(=O)c2c1)N1CCc2ccccc2C1c1ccccc1,True,0.14580719,0.12,False,0.00052880653,0.00024359406,3.4206056e-05,0.1497815347886946,2.0780754,2.0780754
Z787516952,O=C(CC1C=CCC1)N1CCN(C(=O)c2ccc3[nH]cnc3c2)CC1,O=C(CC1C=CCC1)N1CCN(C(=O)c2ccc3[nH]cnc3c2)CC1,O=C(CC1C=CCC1)N1CCN(C(=O)c2ccc3[nH]cnc3c2)CC1,True,0.13065931,0.10784314,False,0.00062407344,0.00031512295,5.7567224e-05,0.15164735298249396,2.073838,2.073838
Z1998439999,O=C(c1cccc2[nH]cnc12)N1CC(O)CC1c1cccc(F)c1,O=C(c1cccc2[nH]cnc12)N1CC(O)CC1c1cccc(F)c1,O=C(c1cccc2[nH]cnc12)N1CCCC1c1ccccc1,True,0.09582494,0.0754717,False,0.0002549052,0.00013604459,2.2511818e-05,0.09337175895624844,2.0708148,2.0708148
Z2714743164,O=C(C1CCC1c1ccc(F)cc1)N1CCC(c2nnc[nH]2)C1,O=C(C1CCC1c1ccc(F)cc1)N1CCC(c2nnc[nH]2)C1,O=C(C1CCC1c1ccccc1)N1CCC(c2nnc[nH]2)C1,True,0.11662378,0.0990099,False,0.0003611772,0.00016820253,3.1222073e-05,0.11389066119700075,2.0665936,2.0665936
Z3992204306,c1cc2cc(CNc3cnc4[nH]ncc4c3)ccc2o1,c1cc2cc(CNc3cnc4[nH]ncc4c3)ccc2o1,c1cc2cc(CNc3cnc4[nH]ncc4c3)ccc2o1,True,0.15896057,0.125,False,0.00015374606,5.5446268e-05,8.894302e-06,0.19023283097261995,2.0634482,2.0634482
