CatalogID,SMILES,canonical,scaffold,valid,known_ligand_signal,known_ligand_ECFP_max,previously_evaluated_zero_hit,public_Tversky_kernel,DEL_Tversky_kernel,control_Tversky_kernel,G_KNOWN_LIGANDS_score,H_SELECTIVE_DEL_score,I_SIZE_AWARE_KERNEL_score,Score
Z1611059158,CC(C)c1nnc(NCc2cccc3cn[nH]c23)o1,CC(C)c1nnc(NCc2cccc3cn[nH]c23)o1,c1cc(CNc2nnco2)c2[nH]ncc2c1,True,0.14977735,0.12222222,False,7.3711504e-05,0.00017756197,9.3103645e-06,0.18151586757861687,1.616303,2.1436458,2.1436458
Z1574934396,O=C(c1ccc2nc[nH]c2n1)N1CC2CCCC2C1,O=C(c1ccc2nc[nH]c2n1)N1CC2CCCC2C1,O=C(c1ccc2nc[nH]c2n1)N1CC2CCCC2C1,True,0.12501296,0.10752688,False,0.001474167,0.0007234098,9.19809e-05,0.1455103372161041,2.5451014,1.9920588,1.9920588
Z787515542,O=C(c1ccc2[nH]cnc2c1)N1CCN(C(=O)C2CC=CCC2)CC1,O=C(c1ccc2[nH]cnc2c1)N1CCN(C(=O)C2CC=CCC2)CC1,O=C(c1ccc2[nH]cnc2c1)N1CCN(C(=O)C2CC=CCC2)CC1,True,0.13394864,0.11,False,0.0011128463,0.00053692923,5.4866363e-05,0.1615109257045182,2.5179265,1.9392908,1.9392908
Z96191989,CCCn1nnnc1COc1ccc2c(C)cc(=O)oc2c1,CCCn1nnnc1COc1ccc2c(C)cc(=O)oc2c1,O=c1ccc2ccc(OCc3nnn[nH]3)cc2o1,True,0.1482956,0.12,False,2.7365445e-06,9.766881e-05,5.934851e-06,0.17856909172484356,-0.47622645,1.8346034,1.8346034
Z1696919603,CC(C)c1cc(=O)oc2cc(OCC(F)F)ccc12,CC(C)c1cc(=O)oc2cc(OCC(F)F)ccc12,O=c1ccc2ccccc2o1,True,0.15310174,0.12087912,False,4.5752686e-06,0.00012021448,8.683224e-06,0.1801149260204375,-0.3469124,1.8318034,1.8318034
Z343277890,CN(C)S(=O)(=O)N1CCN(C(=O)c2ccc3[nH]cnc3c2)CC1,CN(C)S(=O)(=O)N1CCN(C(=O)c2ccc3[nH]cnc3c2)CC1,O=C(c1ccc2[nH]cnc2c1)N1CCNCC1,True,0.13535969,0.11340206,False,0.0011960939,0.0005986157,5.740852e-05,0.16671158219661752,2.3631966,1.8216985,1.8216985
Z1611067824,CCCc1nnc(NCc2cccc3cn[nH]c23)o1,CCCc1nnc(NCc2cccc3cn[nH]c23)o1,c1cc(CNc2nnco2)c2[nH]ncc2c1,True,0.16485342,0.13333334,False,3.384966e-05,8.839183e-05,7.659704e-06,0.18933713320220438,1.2600533,1.8068843,1.8068843
Z1557166117,Cc1cc(=O)oc2cc(OCCN3CCN(C)CC3(C)C)ccc12,Cc1cc(=O)oc2cc(OCCN3CCN(C)CC3(C)C)ccc12,O=c1ccc2ccc(OCCN3CCNCC3)cc2o1,True,0.12764134,0.0990099,False,3.847752e-06,0.00018034632,9.6841295e-06,0.15296294379575792,-0.8677582,1.7957667,1.7957667
Z787516522,O=C(c1ccc2[nH]cnc2c1)N1CCN(C(=O)C2CCCCC2)CC1,O=C(c1ccc2[nH]cnc2c1)N1CCN(C(=O)C2CCCCC2)CC1,O=C(c1ccc2[nH]cnc2c1)N1CCN(C(=O)C2CCCCC2)CC1,True,0.1371468,0.114583336,False,0.0019938778,0.0009793009,0.00012784636,0.16611031524102418,2.3188493,1.755029,1.755029
Z2281568756,CC1(C)CN(C(=O)c2ccc3[nH]cnc3c2)CC(C)(C(F)(F)F)O1,CC1(C)CN(C(=O)c2ccc3[nH]cnc3c2)CC(C)(C(F)(F)F)O1,O=C(c1ccc2[nH]cnc2c1)N1CCOCC1,True,0.1313815,0.10891089,False,0.00039992607,0.00019496019,2.0456486e-05,0.1568207083844527,2.3090625,1.7532939,1.7532939
Z1128428783,O=C(c1ccc2[nH]cnc2c1)N1CCN(C(=O)C2CCc3ccccc32)CC1,O=C(c1ccc2[nH]cnc2c1)N1CCN(C(=O)C2CCc3ccccc32)CC1,O=C(c1ccc2[nH]cnc2c1)N1CCN(C(=O)C2CCc3ccccc32)CC1,True,0.12672997,0.10784314,False,0.0010623554,0.00053989945,6.822416e-05,0.16123266610913964,2.286138,1.745956,1.745956
Z750040788,Cc1ccc(NC(=O)C2CCN(C(=O)c3ccc4[nH]cnc4c3)CC2)nc1,Cc1ccc(NC(=O)C2CCN(C(=O)c3ccc4[nH]cnc4c3)CC2)nc1,O=C(Nc1ccccn1)C1CCN(C(=O)c2ccc3[nH]cnc3c2)CC1,True,0.15023142,0.1262136,False,0.0019036229,0.0009940832,0.000121945784,0.17749698355835458,2.289253,1.7417591,1.7417591
Z994874564,Cc1noc(C(C)Oc2ccc3c(C)cc(=O)oc3c2)n1,Cc1noc(C(C)Oc2ccc3c(C)cc(=O)oc3c2)n1,O=c1ccc2ccc(OCc3ncno3)cc2o1,True,0.16880128,0.13829787,False,4.3057275e-06,0.000110483394,8.4202575e-06,0.20295397940059037,-0.48030826,1.7331777,1.7331777
Z1668660106,O=C(c1ccc2nc[nH]c2n1)N1CCOC(c2cccc(Br)c2)C1,O=C(c1ccc2nc[nH]c2n1)N1CCOC(c2cccc(Br)c2)C1,O=C(c1ccc2nc[nH]c2n1)N1CCOC(c2ccccc2)C1,True,0.1185547,0.10280374,False,0.0006628267,0.00034812524,4.1748805e-05,0.1436882559264043,2.240583,1.7302078,1.7302078
Z1190992265,CC(C)C(C)C(=O)N1CCN(C(=O)c2ccc3[nH]cnc3c2)CC1,CC(C)C(C)C(=O)N1CCN(C(=O)c2ccc3[nH]cnc3c2)CC1,O=C(c1ccc2[nH]cnc2c1)N1CCNCC1,True,0.14831579,0.12765957,False,0.0008751183,0.0005355686,7.287445e-05,0.17715756471972627,2.137276,1.7073207,1.7073207
Z2060532346,NC(=O)[C@@H]1C[C@@H](F)CN1C(=O)c1ccc2[nH]cnc2c1,NC(=O)C1CC(F)CN1C(=O)c1ccc2[nH]cnc2c1,O=C(c1ccc2[nH]cnc2c1)N1CCCC1,True,0.1286494,0.1010101,False,0.00038620323,0.00019502835,2.322693e-05,0.1554429165333121,2.1936674,1.680666,1.680666
Z1611099598,CC(C)CCc1nnc(NCc2cccc3cn[nH]c23)o1,CC(C)CCc1nnc(NCc2cccc3cn[nH]c23)o1,c1cc(CNc2nnco2)c2[nH]ncc2c1,True,0.15902862,0.12903225,False,3.288776e-05,7.880041e-05,7.624969e-06,0.18102787140980048,1.1758106,1.6750555,1.6750555
Z1252554365,Cc1cc(=O)oc2cc(OCCN3CCS(=O)CC3)ccc12,Cc1cc(=O)oc2cc(OCCN3CCS(=O)CC3)ccc12,O=c1ccc2ccc(OCCN3CCS(=O)CC3)cc2o1,True,0.13420495,0.1010101,False,5.7280195e-06,0.00021372779,1.3937822e-05,0.16736055679112344,-0.8130412,1.6718621,1.6718621
Z226036102,CCN(CC)S(=O)(=O)N1CCN(C(=O)c2ccc3[nH]cnc3c2)CC1,CCN(CC)S(=O)(=O)N1CCN(C(=O)c2ccc3[nH]cnc3c2)CC1,O=C(c1ccc2[nH]cnc2c1)N1CCNCC1,True,0.14157534,0.121212125,False,0.00096485915,0.00048975006,6.160845e-05,0.17190659291818694,2.1927164,1.6594484,1.6594484
Z2608780410,O=C(c1ccc2nc[nH]c2n1)N1CCC(c2nccc(-c3cccc(F)c3)n2)CC1,O=C(c1ccc2nc[nH]c2n1)N1CCC(c2nccc(-c3cccc(F)c3)n2)CC1,O=C(c1ccc2nc[nH]c2n1)N1CCC(c2nccc(-c3ccccc3)n2)CC1,True,0.13699214,0.115384616,False,0.000607098,0.0003140637,5.352012e-05,0.14706302382737177,2.2150512,1.6589906,1.6589906
Z1410435674,CCN1C(=O)C2CN(C(=O)c3ccc4[nH]cnc4c3)CCN2C1=O,CCN1C(=O)C2CN(C(=O)c3ccc4[nH]cnc4c3)CCN2C1=O,O=C1NC(=O)N2CCN(C(=O)c3ccc4[nH]cnc4c3)CC12,True,0.14394487,0.1262136,False,0.00064504624,0.00034733332,5.2887484e-05,0.17878686466690435,2.1540434,1.6531646,1.6531646
Z641838178,O=C(c1cnc2[nH]c(=O)[nH]c(=O)c2c1)N1Cc2ccccc2C(c2ccccc2)C1,O=C(c1cnc2[nH]c(=O)[nH]c(=O)c2c1)N1Cc2ccccc2C(c2ccccc2)C1,O=C(c1cnc2[nH]c(=O)[nH]c(=O)c2c1)N1Cc2ccccc2C(c2ccccc2)C1,True,0.14580719,0.12,False,0.00073486846,0.00035139464,3.9555987e-05,0.14902989539078382,2.1920462,1.6429734,1.6429734
Z29537585,O=C(c1ccc2[nH]cnc2c1)N1CCN(S(=O)(=O)c2cccc(Cl)c2)CC1,O=C(c1ccc2[nH]cnc2c1)N1CCN(S(=O)(=O)c2cccc(Cl)c2)CC1,O=C(c1ccc2[nH]cnc2c1)N1CCN(S(=O)(=O)c2ccccc2)CC1,True,0.11611842,0.09615385,False,0.0006762941,0.00032996165,4.055546e-05,0.14665860930763802,2.2088623,1.6271687,1.6271687
Z2158487351,Cc1cc(-c2noc(C(C)(C)C(N)=O)n2)cc2nc[nH]c12,Cc1cc(-c2noc(C(C)(C)C(N)=O)n2)cc2nc[nH]c12,c1nc2cc(-c3ncon3)ccc2[nH]1,True,0.16388747,0.13541667,False,0.00011531073,5.8304755e-05,7.3367455e-06,0.17768378244378577,2.142567,1.6175245,1.6175245
Z2763724051,CN1C[C@@H](NC(=O)c2ccc3nc[nH]c3n2)[C@H](c2cncn2C)C1,CN1CC(NC(=O)c2ccc3nc[nH]c3n2)C(c2cncn2C)C1,O=C(NC1CNCC1c1cnc[nH]1)c1ccc2nc[nH]c2n1,True,0.13897072,0.1262136,False,0.00031138991,0.00015197298,1.7976641e-05,0.17460900312919098,2.131731,1.6127386,1.6127386
Z1325608648,O=C(c1cnc2[nH]c(=O)[nH]c(=O)c2c1)N1CCOC(c2cccc(C(F)(F)F)c2)C1,O=C(c1cnc2[nH]c(=O)[nH]c(=O)c2c1)N1CCOC(c2cccc(C(F)(F)F)c2)C1,O=C(c1cnc2[nH]c(=O)[nH]c(=O)c2c1)N1CCOC(c2ccccc2)C1,True,0.12344633,0.10714286,False,0.0006576559,0.00029925758,3.570954e-05,0.13047511560660163,2.2222025,1.6089098,1.6089098
Z1575278819,O=C(c1ccc2nc[nH]c2n1)N1CCOC(c2ccccc2)C1,O=C(c1ccc2nc[nH]c2n1)N1CCOC(c2ccccc2)C1,O=C(c1ccc2nc[nH]c2n1)N1CCOC(c2ccccc2)C1,True,0.1267281,0.10309278,False,0.0008069764,0.000470324,9.021318e-05,0.1466048681474968,2.0479403,1.6060996,1.6060996
Z1273690633,CC(C)C(C(=O)N1CCN(C(=O)c2ccc3[nH]cnc3c2)CC1)c1ccccc1,CC(C)C(C(=O)N1CCN(C(=O)c2ccc3[nH]cnc3c2)CC1)c1ccccc1,O=C(Cc1ccccc1)N1CCN(C(=O)c2ccc3[nH]cnc3c2)CC1,True,0.14858842,0.13131313,False,0.00083131134,0.00053467136,9.7782744e-05,0.17955901450877848,2.0211523,1.6024423,1.6024423
Z750059440,Cc1ccc(NC(=O)C2CCCN(C(=O)c3ccc4[nH]cnc4c3)C2)nc1,Cc1ccc(NC(=O)C2CCCN(C(=O)c3ccc4[nH]cnc4c3)C2)nc1,O=C(Nc1ccccn1)C1CCCN(C(=O)c2ccc3[nH]cnc3c2)C1,True,0.14315604,0.12037037,False,0.0013313433,0.00063321914,0.00010314437,0.16545211098676624,2.1939423,1.5949048,1.5949048
Z1367146464,CC(O)(CNCc1cccc2cn[nH]c12)C1CCCC1,CC(O)(CNCc1cccc2cn[nH]c12)C1CCCC1,c1cc(CNCCC2CCCC2)c2[nH]ncc2c1,True,0.15726,0.13186814,False,0.00013259432,0.00035052473,4.33825e-05,0.18618708414191198,0.9148434,1.5944113,1.5944113
Z30624570,O=C(c1ccc2[nH]cnc2c1)N1CCc2ccccc21,O=C(c1ccc2[nH]cnc2c1)N1CCc2ccccc21,O=C(c1ccc2[nH]cnc2c1)N1CCc2ccccc21,True,0.12710333,0.104166664,False,0.00042034802,0.0002276205,3.5271343e-05,0.14504363665095904,2.0818539,1.5929446,1.5929446
Z56759494,Cc1cc(=O)oc2cc(OC(C)C(=O)O)ccc12,Cc1cc(=O)oc2cc(OC(C)C(=O)O)ccc12,O=c1ccc2ccccc2o1,True,0.17090772,0.13636364,False,8.819711e-06,0.0003674009,2.652933e-05,0.20499126684802832,-0.94002646,1.5886022,1.5886022
Z955558552,O=C(Nc1nnc[nH]1)C1CC1c1cccc(Br)c1,O=C(Nc1nnc[nH]1)C1CC1c1cccc(Br)c1,O=C(Nc1nnc[nH]1)C1CC1c1ccccc1,True,0.11364125,0.091836736,False,0.00034890405,0.00016896875,1.9181882e-05,0.11503458270582916,2.1591618,1.584343,1.584343
Z1998443968,O=C(c1cc(F)cc2[nH]cnc12)N1CC(O)CC1c1cccc(F)c1,O=C(c1cc(F)cc2[nH]cnc12)N1CC(O)CC1c1cccc(F)c1,O=C(c1cccc2[nH]cnc12)N1CCCC1c1ccccc1,True,0.09505123,0.07476635,False,0.00021991099,0.00011593383,1.8589024e-05,0.09295279787009436,2.1091397,1.5761245,1.5761245
Z29731152,CCCCC(=O)Nc1ccc2c(C)cc(=O)oc2c1,CCCCC(=O)Nc1ccc2c(C)cc(=O)oc2c1,O=c1ccc2ccccc2o1,True,0.16049689,0.13043478,False,2.3943083e-05,0.0003252023,3.1810043e-05,0.1948720952436482,-0.29208273,1.5757923,1.5757923
Z26829110,O=C(c1ccc2[nH]cnc2c1)N1CCN(c2cccc(C(F)(F)F)c2)CC1,O=C(c1ccc2[nH]cnc2c1)N1CCN(c2cccc(C(F)(F)F)c2)CC1,O=C(c1ccc2[nH]cnc2c1)N1CCN(c2ccccc2)CC1,True,0.11935924,0.097087376,False,0.00069015054,0.000347079,4.3157695e-05,0.1495638193460059,2.1343224,1.5755961,1.5755961
Z2410284560,O=C(c1cc2[nH]cnc2cc1F)N1C[C@@H]2CCS(=O)(=O)[C@@H]2C1,O=C(c1cc2[nH]cnc2cc1F)N1CC2CCS(=O)(=O)C2C1,O=C(c1ccc2nc[nH]c2c1)N1CC2CCS(=O)(=O)C2C1,True,0.09624429,0.07692308,False,0.00021244807,0.00010121925,1.5812535e-05,0.11537418526973992,2.1509545,1.5735171,1.5735171
Z1694611589,CC1CCN(C(=O)c2ccc3nc[nH]c3n2)CC12CCCCC2,CC1CCN(C(=O)c2ccc3nc[nH]c3n2)CC12CCCCC2,O=C(c1ccc2nc[nH]c2n1)N1CCCC2(CCCCC2)C1,True,0.12146681,0.10784314,False,0.00039123042,0.00022265292,4.7553054e-05,0.13437544168549734,2.0264275,1.570033,1.570033
Z225708694,O=C(c1ccc2[nH]cnc2c1)N1CCN(c2nccs2)CC1,O=C(c1ccc2[nH]cnc2c1)N1CCN(c2nccs2)CC1,O=C(c1ccc2[nH]cnc2c1)N1CCN(c2nccs2)CC1,True,0.12453829,0.1010101,False,0.0005207951,0.000291339,3.6568814e-05,0.15315700022803483,2.0353186,1.5655785,1.5655785
Z29731337,CCC(CC)C(=O)Nc1ccc2c(C)cc(=O)oc2c1,CCC(CC)C(=O)Nc1ccc2c(C)cc(=O)oc2c1,O=c1ccc2ccccc2o1,True,0.16215153,0.13186814,False,1.7495142e-05,0.00025323793,2.5613595e-05,0.19734144709146204,-0.29843342,1.5618703,1.5618703
Z56801640,O=c1[nH]cnc2scc(-c3ccc(-c4ccccc4)cc3)c12,O=c1[nH]cnc2scc(-c3ccc(-c4ccccc4)cc3)c12,O=c1[nH]cnc2scc(-c3ccc(-c4ccccc4)cc3)c12,True,0.16021666,0.12195122,False,5.2358155e-05,2.5601163e-05,5.9421873e-06,0.15486272823170513,2.1408575,1.5606542,1.5606542
Z1668839742,O=C(c1ccc2nc[nH]c2n1)N1CCCOC(c2ccccc2)C1,O=C(c1ccc2nc[nH]c2n1)N1CCCOC(c2ccccc2)C1,O=C(c1ccc2nc[nH]c2n1)N1CCCOC(c2ccccc2)C1,True,0.13397709,0.1122449,False,0.0006460586,0.0003874623,8.012248e-05,0.14988389966940407,1.990352,1.5539058,1.5539058
Z1998439999,O=C(c1cccc2[nH]cnc12)N1CC(O)CC1c1cccc(F)c1,O=C(c1cccc2[nH]cnc12)N1CC(O)CC1c1cccc(F)c1,O=C(c1cccc2[nH]cnc12)N1CCCC1c1ccccc1,True,0.09582494,0.0754717,False,0.0002549052,0.00013604459,2.2511818e-05,0.09337175895624844,2.0708148,1.5477934,1.5477934
Z2902496051,O=c1[nH]cnc2cc(-c3nc(-c4ccccn4)no3)ccc12,O=c1[nH]cnc2cc(-c3nc(-c4ccccn4)no3)ccc12,O=c1[nH]cnc2cc(-c3nc(-c4ccccn4)no3)ccc12,True,0.18197161,0.14444445,False,0.00010149443,3.8162834e-05,6.892759e-06,0.20409492251202674,2.2339396,1.5433023,1.5433023
Z1178129102,C#CCOC1CCN(C(=O)c2ccc3[nH]cnc3c2)CC1,C#CCOC1CCN(C(=O)c2ccc3[nH]cnc3c2)CC1,O=C(c1ccc2[nH]cnc2c1)N1CCCCC1,True,0.15742734,0.13402061,False,0.0013310469,0.0006653741,9.899172e-05,0.18592129395947432,2.084609,1.5404203,1.5404203
Z2695600748,C=C(C)COc1ccc2c(CC(=O)OC)cc(=O)oc2c1,C=C(C)COc1ccc2c(CC(=O)OC)cc(=O)oc2c1,O=c1ccc2ccccc2o1,True,0.17736407,0.14893617,False,1.165322e-05,0.00016783611,1.803161e-05,0.20441672892096927,-0.39807916,1.5361341,1.5361341
Z1139393905,Cc1ccc(NC2CCN(C(=O)c3ccc4[nH]cnc4c3)CC2)nn1,Cc1ccc(NC2CCN(C(=O)c3ccc4[nH]cnc4c3)CC2)nn1,O=C(c1ccc2[nH]cnc2c1)N1CCC(Nc2cccnn2)CC1,True,0.15106952,0.12745099,False,0.0009771024,0.00047105143,7.1327e-05,0.1768681383059372,2.1005597,1.5357548,1.5357548
Z2158486014,Cc1cc(-c2noc(C(C)(C)C3CC3)n2)cc2nc[nH]c12,Cc1cc(-c2noc(C(C)(C)C3CC3)n2)cc2nc[nH]c12,c1nc2cc(-c3noc(CC4CC4)n3)ccc2[nH]1,True,0.13244018,0.10752688,False,7.6678574e-05,3.528934e-05,5.6080057e-06,0.14301709170692786,2.1408842,1.5326455,1.5326455
Z1253265035,Cc1cccc(NC2CCN(C(=O)c3ccc4[nH]cnc4c3)CC2)n1,Cc1cccc(NC2CCN(C(=O)c3ccc4[nH]cnc4c3)CC2)n1,O=C(c1ccc2[nH]cnc2c1)N1CCC(Nc2ccccn2)CC1,True,0.14975296,0.1262136,False,0.0015688613,0.0007869846,0.00011536753,0.18232974584547001,2.0567894,1.5321956,1.5321956
Z1663321338,Cc1nc2cc(C(=O)N3CCc4cc(F)ccc4C3C)cnc2[nH]1,Cc1nc2cc(C(=O)N3CCc4cc(F)ccc4C3C)cnc2[nH]1,O=C(c1cnc2[nH]cnc2c1)N1CCc2ccccc2C1,True,0.15131247,0.13592233,False,0.00048670018,0.00026197595,4.2756663e-05,0.16014834067637088,2.0345974,1.5295553,1.5295553
