CatalogID,SMILES,canonical,scaffold,valid,role,Score,broad_ECFP_max,broad_FCFP_max,dominant_similarity
Z31124934,c1nc(Oc2ccc(-c3nnco3)cc2)c2c3c(sc2n1)CCC3,c1nc(Oc2ccc(-c3nnco3)cc2)c2c3c(sc2n1)CCC3,c1nc(Oc2ccc(-c3nnco3)cc2)c2c3c(sc2n1)CCC3,True,candidate,0.70043546,0.71929824,0.8,0.19242425
Z644390560,Cc1csc(N2CCN(Cc3nc(-c4cccnc4)no3)CC2)n1,Cc1csc(N2CCN(Cc3nc(-c4cccnc4)no3)CC2)n1,c1cncc(-c2noc(CN3CCN(c4nccs4)CC3)n2)c1,True,candidate,0.6600243,0.71929824,0.8947368,0.35438597
Z86250887,c1ccc2c(NC3CC3)nc(-c3ccsc3)nc2c1,c1ccc2c(NC3CC3)nc(-c3ccsc3)nc2c1,c1ccc2c(NC3CC3)nc(-c3ccsc3)nc2c1,True,candidate,0.65094614,0.7346939,0.84210527,0.3506087
Z52584596,O=S1(=O)CCC(Nc2ncnc3scc(-c4ccccc4)c23)C1,O=S1(=O)CCC(Nc2ncnc3scc(-c4ccccc4)c23)C1,O=S1(=O)CCC(Nc2ncnc3scc(-c4ccccc4)c23)C1,True,candidate,0.64373094,0.6666667,0.775,0.23110601
Z31209948,Cc1nc(Oc2ccc3c(c2)OCO3)c2c(C)c(C)sc2n1,Cc1nc(Oc2ccc3c(c2)OCO3)c2c(C)c(C)sc2n1,c1nc(Oc2ccc3c(c2)OCO3)c2ccsc2n1,True,candidate,0.62971026,0.6792453,0.7894737,0.1269103
Z31240990,NS(=O)(=O)c1ccc(CNc2ncnc3scc(-c4ccc(F)cc4)c23)cc1,NS(=O)(=O)c1ccc(CNc2ncnc3scc(-c4ccc(F)cc4)c23)cc1,c1ccc(CNc2ncnc3scc(-c4ccccc4)c23)cc1,True,candidate,0.6264392,0.6666667,0.6888889,0.21226853
Z1139229353,Cc1ccc(-c2noc(CN3CCc4cncnc4C3)n2)cc1,Cc1ccc(-c2noc(CN3CCc4cncnc4C3)n2)cc1,c1ccc(-c2noc(CN3CCc4cncnc4C3)n2)cc1,True,candidate,0.6205168,0.73214287,0.7804878,0.25300816
Z86395161,O=S(=O)(c1ccc(CNc2ncnc3sccc23)cc1)N1CCOCC1,O=S(=O)(c1ccc(CNc2ncnc3sccc23)cc1)N1CCOCC1,O=S(=O)(c1ccc(CNc2ncnc3sccc23)cc1)N1CCOCC1,True,candidate,0.6092439,0.6481481,0.725,0.16458753
Z31224145,CCNc1ncnc2sc(C(=O)OCC)c(C)c12,CCNc1ncnc2sc(C(=O)OCC)c(C)c12,c1ncc2ccsc2n1,True,candidate,0.60734886,0.6666667,0.7380952,0.15543272
Z31068033,NC(=O)c1ccc(CNc2ncnc3sccc23)cc1,NC(=O)c1ccc(CNc2ncnc3sccc23)cc1,c1ccc(CNc2ncnc3sccc23)cc1,True,candidate,0.60599864,0.63265306,0.75,0.18325755
Z52584595,O=S1(=O)CCC(Nc2ncnc3sc4c(c23)CCCC4)C1,O=S1(=O)CCC(Nc2ncnc3sc4c(c23)CCCC4)C1,O=S1(=O)CCC(Nc2ncnc3sc4c(c23)CCCC4)C1,True,candidate,0.60040957,0.6481481,0.73170733,0.24946237
Z219398922,Cc1csc(CNc2nc(CN3CCCC3)nc3sc(C)c(C)c23)n1,Cc1csc(CNc2nc(CN3CCCC3)nc3sc(C)c(C)c23)n1,c1csc(CNc2nc(CN3CCCC3)nc3sccc23)n1,True,candidate,0.5993508,0.65384614,0.725,0.20218374
Z1082772742,OCC1CCCN(c2ccnc(-c3ccccc3)n2)C1,OCC1CCCN(c2ccnc(-c3ccccc3)n2)C1,c1ccc(-c2nccc(N3CCCCC3)n2)cc1,True,candidate,0.594514,0.7173913,0.7297297,0.27436775
Z86227709,O=S1(=O)CCC(Nc2nc(C(F)(F)F)nc3ccccc23)C1,O=S1(=O)CCC(Nc2nc(C(F)(F)F)nc3ccccc23)C1,O=S1(=O)CCC(Nc2ncnc3ccccc23)C1,True,candidate,0.5937999,0.67346936,0.64285713,0.21082622
Z645685596,NS(=O)(=O)CCNc1ncnc2scc(-c3ccccc3)c12,NS(=O)(=O)CCNc1ncnc2scc(-c3ccccc3)c12,c1ccc(-c2csc3ncncc23)cc1,True,candidate,0.5869624,0.7037037,0.6666667,0.31820554
Z368586132,CCc1cc2c(NC(C)c3cnn(C)c3C)ncnc2s1,CCc1cc2c(NC(C)c3cnn(C)c3C)ncnc2s1,c1nc(NCc2cn[nH]c2)c2ccsc2n1,True,candidate,0.58377534,0.6296296,0.80487806,0.18250096
Z31256678,Cc1nc(Oc2ccc(S(=O)(=O)N3CCOCC3)cc2)c2c3c(sc2n1)CCC3,Cc1nc(Oc2ccc(S(=O)(=O)N3CCOCC3)cc2)c2c3c(sc2n1)CCC3,O=S(=O)(c1ccc(Oc2ncnc3sc4c(c23)CCC4)cc1)N1CCOCC1,True,candidate,0.5820224,0.5692308,0.7173913,0.19150425
Z373021592,O=C(C1CCN(c2ncccc2C(F)(F)F)CC1)N1CCOCC1,O=C(C1CCN(c2ncccc2C(F)(F)F)CC1)N1CCOCC1,O=C(C1CCN(c2ccccn2)CC1)N1CCOCC1,True,candidate,0.5816259,0.6603774,0.7777778,0.24163163
Z235369980,c1ccc(-c2noc(CN3CCN(c4nccs4)CC3)n2)nc1,c1ccc(-c2noc(CN3CCN(c4nccs4)CC3)n2)nc1,c1ccc(-c2noc(CN3CCN(c4nccs4)CC3)n2)nc1,True,candidate,0.58071977,0.6785714,0.70731705,0.24394241
Z3210774241,NC(=O)CSc1nc(-c2ccccc2)nc2c1CCCC2,NC(=O)CSc1nc(-c2ccccc2)nc2c1CCCC2,c1ccc(-c2ncc3c(n2)CCCC3)cc1,True,candidate,0.5796798,0.7291667,0.725,0.38743228
Z2700045524,N#Cc1nccnc1N1CCC(c2ccncc2)C1,N#Cc1nccnc1N1CCC(c2ccncc2)C1,c1cc(C2CCN(c3cnccn3)C2)ccn1,True,candidate,0.57893735,0.6888889,0.71428573,0.21768612
Z1139739759,Cn1cnc2c1CCN(Cc1nc(-c3cccnc3)no1)C2,Cn1cnc2c1CCN(Cc1nc(-c3cccnc3)no1)C2,c1cncc(-c2noc(CN3CCc4[nH]cnc4C3)n2)c1,True,candidate,0.5760602,0.6666667,0.6818182,0.3388399
Z645942260,COc1ccc(C(C)Nc2nccc(C(F)(F)F)n2)cc1OC,COc1ccc(C(C)Nc2nccc(C(F)(F)F)n2)cc1OC,c1ccc(CNc2ncccn2)cc1,True,candidate,0.5753915,0.6744186,0.75,0.16741528
Z20229577,Cc1sc2ncnc(SCC(=O)NC(C)(C)C)c2c1C,Cc1sc2ncnc(SCC(=O)NC(C)(C)C)c2c1C,c1ncc2ccsc2n1,True,candidate,0.56855917,0.67346936,0.63414633,0.13901028
Z2383195045,CNC(=O)CC1(O)CCCN(c2ncccc2C#N)C1,CNC(=O)CC1(O)CCCN(c2ncccc2C#N)C1,c1ccc(N2CCCCC2)nc1,True,candidate,0.5679432,0.63492066,0.6666667,0.25893405
Z2093428274,C[C@H](CO)N(C)c1nc(-c2ccncc2)nc2c1CCC2,CC(CO)N(C)c1nc(-c2ccncc2)nc2c1CCC2,c1cc(-c2ncc3c(n2)CCC3)ccn1,True,candidate,0.56637126,0.67346936,0.7804878,0.4559715
Z2383179470,Cc1ccc2ncc(C#N)c(N3CCCC(O)(CC(=O)N(C)C)C3)c2c1,Cc1ccc2ncc(C#N)c(N3CCCC(O)(CC(=O)N(C)C)C3)c2c1,c1ccc2c(N3CCCCC3)ccnc2c1,True,candidate,0.5649607,0.6086956,0.64705884,0.15347223
Z103764560,COc1cccc(-c2noc(CN3CCCC3C(N)=O)n2)c1,COc1cccc(-c2noc(CN3CCCC3C(N)=O)n2)c1,c1ccc(-c2noc(CN3CCCC3)n2)cc1,True,candidate,0.56158274,0.63492066,0.70212764,0.2510776
Z1692956363,Cc1cnc2c(C)cccc2c1N1CCC(C2(C)NC(=O)NC2=O)CC1,Cc1cnc2c(C)cccc2c1N1CCC(C2(C)NC(=O)NC2=O)CC1,O=C1NC(=O)C(C2CCN(c3ccnc4ccccc34)CC2)N1,True,candidate,0.5606135,0.58064514,0.78723407,0.2549129
Z1317951540,CN1CCCN(Cc2nc(-c3ccccn3)no2)c2ccc(F)cc21,CN1CCCN(Cc2nc(-c3ccccn3)no2)c2ccc(F)cc21,c1ccc(-c2noc(CN3CCCNc4ccccc43)n2)nc1,True,candidate,0.5556612,0.62903225,0.6875,0.22668833
Z1124136996,CN1CCOC(CNc2ccnc(-c3ccccc3)n2)C1,CN1CCOC(CNc2ccnc(-c3ccccc3)n2)C1,c1ccc(-c2nccc(NCC3CNCCO3)n2)cc1,True,candidate,0.5552244,0.6666667,0.6585366,0.27413794
Z961142466,Cc1sc2ncnc(NCCc3nccs3)c2c1C,Cc1sc2ncnc(NCCc3nccs3)c2c1C,c1csc(CCNc2ncnc3sccc23)n1,True,candidate,0.5534704,0.54901963,0.7567568,0.208577
Z2383938247,CCc1c(C)nc2ccccc2c1N1C[C@@H](OC)[C@H](c2cn(C)nn2)C1,CCc1c(C)nc2ccccc2c1N1CC(OC)C(c2cn(C)nn2)C1,c1ccc2c(N3CCC(c4c[nH]nn4)C3)ccnc2c1,True,candidate,0.5515815,0.6060606,0.7647059,0.16885847
Z1764849949,COc1cccc(-c2noc(NCc3ccncc3)n2)c1,COc1cccc(-c2noc(NCc3ccncc3)n2)c1,c1ccc(-c2noc(NCc3ccncc3)n2)cc1,True,candidate,0.5491343,0.55,0.7804878,0.3007519
Z1239029277,COc1ccc(-c2noc(NCc3ccc(O)c(F)c3)n2)cc1OC,COc1ccc(-c2noc(NCc3ccc(O)c(F)c3)n2)cc1OC,c1ccc(CNc2nc(-c3ccccc3)no2)cc1,True,candidate,0.5484865,0.64285713,0.63265306,0.23446055
Z1587670503,c1nnc(C2CCCN(c3nc(C4CC4)nc4c3CCC4)C2)n1C1CC1,c1nnc(C2CCCN(c3nc(C4CC4)nc4c3CCC4)C2)n1C1CC1,c1nnc(C2CCCN(c3nc(C4CC4)nc4c3CCC4)C2)n1C1CC1,True,candidate,0.5484784,0.65625,0.6851852,0.28509617
Z1626147198,N#Cc1cccnc1N1CCCC(S(=O)(=O)N2CCOCC2)C1,N#Cc1cccnc1N1CCCC(S(=O)(=O)N2CCOCC2)C1,O=S(=O)(C1CCCN(c2ccccn2)C1)N1CCOCC1,True,candidate,0.5483998,0.5423729,0.7368421,0.2500422
Z2613444535,Cc1ccc(C#N)c(N2CCCC(c3ccncc3)C2)n1,Cc1ccc(C#N)c(N2CCCC(c3ccncc3)C2)n1,c1ccc(N2CCCC(c3ccncc3)C2)nc1,True,candidate,0.5476094,0.60784316,0.7222222,0.24191672
Z1170186808,COc1ccc(-c2noc(C3CCC4(CC3)NC(=O)NC4=O)n2)cn1,COc1ccc(-c2noc(C3CCC4(CC3)NC(=O)NC4=O)n2)cn1,O=C1NC(=O)C2(CCC(c3nc(-c4cccnc4)no3)CC2)N1,True,candidate,0.54522985,0.66101694,0.77272725,0.39172995
Z31088345,CC(=O)Nc1ccc(Oc2ncnc3sc4c(c23)CCCC4)cc1,CC(=O)Nc1ccc(Oc2ncnc3sc4c(c23)CCCC4)cc1,c1ccc(Oc2ncnc3sc4c(c23)CCCC4)cc1,True,candidate,0.54351383,0.58928573,0.6511628,0.18367203
Z220564788,COc1ccc(Nc2ncnc3ccccc23)cc1.Cl,COc1ccc(Nc2ncnc3ccccc23)cc1,c1ccc(Nc2ncnc3ccccc23)cc1,True,candidate,0.5433612,0.4375,0.8787879,0.12641895
Z2052062548,CC(=O)N1CCOC2CCN(c3ncccc3C#N)CC21,CC(=O)N1CCOC2CCN(c3ncccc3C#N)CC21,c1ccc(N2CCC3OCCNC3C2)nc1,True,candidate,0.54236645,0.53333336,0.71794873,0.24741822
Z52635794,COc1ccc(Nc2ncnc3sccc23)cc1S(=O)(=O)N(C)C,COc1ccc(Nc2ncnc3sccc23)cc1S(=O)(=O)N(C)C,c1ccc(Nc2ncnc3sccc23)cc1,True,candidate,0.5422367,0.5555556,0.6666667,0.12318008
Z285900420,O=C(C1CC1)N1CCC(Nc2ncnc3sccc23)CC1,O=C(C1CC1)N1CCC(Nc2ncnc3sccc23)CC1,O=C(C1CC1)N1CCC(Nc2ncnc3sccc23)CC1,True,candidate,0.5407089,0.4827586,0.82857144,0.25763714
Z1874202275,COc1ccccc1N1CCC(Nc2ncnc(N)c2Cl)C1=O,COc1ccccc1N1CCC(Nc2ncnc(N)c2Cl)C1=O,O=C1C(Nc2ccncn2)CCN1c1ccccc1,True,candidate,0.5374703,0.65,0.68085104,0.20549855
Z241551258,COC(=O)c1sc2nc(-c3ccc(N4CCOCC4)nc3)[nH]c(=O)c2c1C,COC(=O)c1sc2nc(-c3ccc(N4CCOCC4)nc3)[nH]c(=O)c2c1C,O=c1[nH]c(-c2ccc(N3CCOCC3)nc2)nc2sccc12,True,candidate,0.53707504,0.6,0.7291667,0.19422248
Z2613442090,Cc1sc2ncnc(NCc3cc(C(F)(F)F)on3)c2c1C,Cc1sc2ncnc(NCc3cc(C(F)(F)F)on3)c2c1C,c1nc(NCc2ccon2)c2ccsc2n1,True,candidate,0.53705317,0.5272727,0.74358976,0.22583334
Z641481896,CCc1cccc2c(N3CCN(CCO)CC3)c(C#N)cnc12,CCc1cccc2c(N3CCN(CCO)CC3)c(C#N)cnc12,c1ccc2c(N3CCNCC3)ccnc2c1,True,candidate,0.53656715,0.5272727,0.70454544,0.17874333
Z643049990,CC1CN(Cc2nc(-c3cccnc3)no2)C(C)CO1,CC1CN(Cc2nc(-c3cccnc3)no2)C(C)CO1,c1cncc(-c2noc(CN3CCOCC3)n2)c1,True,candidate,0.53342724,0.57377046,0.6666667,0.34736842
Z1754377798,Cc1cc(NCC2CC23CCOCC3)nc(-c2cccnc2)n1,Cc1cc(NCC2CC23CCOCC3)nc(-c2cccnc2)n1,c1cncc(-c2nccc(NCC3CC34CCOCC4)n2)c1,True,candidate,0.53157413,0.53846157,0.8372093,0.3800249
