CatalogID,SMILES,canonical,scaffold,valid,role,Score,Y_ECFP_max,Y_FCFP_max,negative_similarity
Z31163551,CN(C)C(CNc1ncccc1C#N)c1ccco1,CN(C)C(CNc1ncccc1C#N)c1ccco1,c1ccc(NCCc2ccco2)nc1,True,candidate,0.36618748,0.44117647,0.48979592,0.25682542
Z52592965,Cc1nc(Nc2ccc(C(N)=O)cc2)c2c(C)c(C)sc2n1,Cc1nc(Nc2ccc(C(N)=O)cc2)c2c(C)c(C)sc2n1,c1ccc(Nc2ncnc3sccc23)cc1,True,candidate,0.36305526,0.3939394,0.43396226,0.31309527
Z64577033,Cc1nc(Nc2ccc3[nH]c(=O)[nH]c3c2)c2c(C)c(C)sc2n1,Cc1nc(Nc2ccc3[nH]c(=O)[nH]c3c2)c2c(C)c(C)sc2n1,O=c1[nH]c2ccc(Nc3ncnc4sccc34)cc2[nH]1,True,candidate,0.362429,0.41095892,0.4107143,0.29846156
Z31191965,Cc1sc2ncnc(Nc3ccc4c(c3)OCCO4)c2c1C,Cc1sc2ncnc(Nc3ccc4c(c3)OCCO4)c2c1C,c1nc(Nc2ccc3c(c2)OCCO3)c2ccsc2n1,True,candidate,0.36197183,0.39726028,0.49122807,0.41798085
Z314891680,COc1ccccc1Nc1nc(-c2ccc3c(c2)NC(=O)CO3)c(C)s1,COc1ccccc1Nc1nc(-c2ccc3c(c2)NC(=O)CO3)c(C)s1,O=C1COc2ccc(-c3csc(Nc4ccccc4)n3)cc2N1,True,candidate,0.36007214,0.40243903,0.47619048,0.16774194
Z240137254,O=C1COc2ccc(S(=O)(=O)Nc3cccnc3)cc2N1,O=C1COc2ccc(S(=O)(=O)Nc3cccnc3)cc2N1,O=C1COc2ccc(S(=O)(=O)Nc3cccnc3)cc2N1,True,candidate,0.35715804,0.43835616,0.42372882,0.20444015
Z64566425,Cc1nc(Nc2cccc(S(=O)(=O)N3CCOCC3)c2)c2c(C)c(C)sc2n1,Cc1nc(Nc2cccc(S(=O)(=O)N3CCOCC3)c2)c2c(C)c(C)sc2n1,O=S(=O)(c1cccc(Nc2ncnc3sccc23)c1)N1CCOCC1,True,candidate,0.3520232,0.38157895,0.42372882,0.2734286
Z240918582,Cc1sc(-c2ccco2)nc1-c1ccc2c(c1)NC(=O)CO2,Cc1sc(-c2ccco2)nc1-c1ccc2c(c1)NC(=O)CO2,O=C1COc2ccc(-c3csc(-c4ccco4)n3)cc2N1,True,candidate,0.3492817,0.3974359,0.45762712,0.18457043
Z327221654,COc1cccc(Nc2nc(-c3ccc4c(c3)NC(=O)CO4)cs2)c1,COc1cccc(Nc2nc(-c3ccc4c(c3)NC(=O)CO4)cs2)c1,O=C1COc2ccc(-c3csc(Nc4ccccc4)n3)cc2N1,True,candidate,0.34354165,0.38554215,0.46031746,0.1687237
Z29215553,O=C1COc2ccc(NC(=O)c3ccncc3)cc2N1,O=C1COc2ccc(NC(=O)c3ccncc3)cc2N1,O=C1COc2ccc(NC(=O)c3ccncc3)cc2N1,True,candidate,0.3424002,0.4225352,0.41379312,0.16942382
Z31184204,Cc1sc2nc(CN3CCOCC3)nc(Nc3ccc4c(c3)OCCCO4)c2c1C,Cc1sc2nc(CN3CCOCC3)nc(Nc3ccc4c(c3)OCCCO4)c2c1C,c1cc2c(Nc3ccc4c(c3)OCCCO4)nc(CN3CCOCC3)nc2s1,True,candidate,0.34206122,0.37349397,0.4117647,0.25491804
Z31191232,Cc1sc2nc(CN3CCOCC3)nc(Nc3ccc4c(c3)OCO4)c2c1C,Cc1sc2nc(CN3CCOCC3)nc(Nc3ccc4c(c3)OCO4)c2c1C,c1cc2c(Nc3ccc4c(c3)OCO4)nc(CN3CCOCC3)nc2s1,True,candidate,0.33891216,0.37804878,0.39130434,0.25691804
Z52635306,CCOC(=O)c1sc2nc(C)nc(Nc3cccc(C(N)=O)c3)c2c1C,CCOC(=O)c1sc2nc(C)nc(Nc3cccc(C(N)=O)c3)c2c1C,c1ccc(Nc2ncnc3sccc23)cc1,True,candidate,0.33833393,0.38666666,0.39344263,0.2544643
Z234905652,Cc1nc(Nc2ccc3c(c2)OCCO3)c2c(C)c(C(=O)O)sc2n1,Cc1nc(Nc2ccc3c(c2)OCCO3)c2c(C)c(C(=O)O)sc2n1,c1nc(Nc2ccc3c(c2)OCCO3)c2ccsc2n1,True,candidate,0.33167577,0.35443038,0.41538462,0.20842877
Z281806906,OCc1cccc(Nc2ncnc3ccccc23)c1,OCc1cccc(Nc2ncnc3ccccc23)c1,c1ccc(Nc2ncnc3ccccc23)cc1,True,candidate,0.32882679,0.35384616,0.5102041,0.26950353
Z840901720,Cc1sc(NCC(F)(F)F)nc1-c1ccc2c(c1)NC(=O)CO2,Cc1sc(NCC(F)(F)F)nc1-c1ccc2c(c1)NC(=O)CO2,O=C1COc2ccc(-c3cscn3)cc2N1,True,candidate,0.3274598,0.3875,0.4,0.16868854
Z31149117,COc1ccc(C(CNc2ncnc3sc(C)c(C)c23)N(C)C)cc1,COc1ccc(C(CNc2ncnc3sc(C)c(C)c23)N(C)C)cc1,c1ccc(CCNc2ncnc3sccc23)cc1,True,candidate,0.32608348,0.3918919,0.44642857,0.4613185
Z285820014,Cc1nn(C)c(C)c1Nc1ncnc2ccccc12,Cc1nn(C)c(C)c1Nc1ncnc2ccccc12,c1ccc2c(Nc3cn[nH]c3)ncnc2c1,True,candidate,0.3254109,0.3548387,0.48979592,0.24880953
Z729053858,Cc1cc(NCC(C)(C)C(N)=O)nc(-c2cccnc2)n1,Cc1cc(NCC(C)(C)C(N)=O)nc(-c2cccnc2)n1,c1cnc(-c2cccnc2)nc1,True,candidate,0.3246939,0.3472222,0.39285713,0.25857145
Z31065723,OCc1cccc(Nc2nc(CN3CCOCC3)nc3scc(-c4cccs4)c23)c1,OCc1cccc(Nc2nc(CN3CCOCC3)nc3scc(-c4cccs4)c23)c1,c1ccc(Nc2nc(CN3CCOCC3)nc3scc(-c4cccs4)c23)cc1,True,candidate,0.3237949,0.33333334,0.46153846,0.17926422
Z48860981,CNc1nc(-c2ccc3c(c2)NC(=O)CO3)cs1,CNc1nc(-c2ccc3c(c2)NC(=O)CO3)cs1,O=C1COc2ccc(-c3cscn3)cc2N1,True,candidate,0.32370737,0.3918919,0.39344263,0.15808952
Z64577028,Cc1sc2nc(CN3CCOCC3)nc(Nc3ccc4[nH]c(=O)[nH]c4c3)c2c1C,Cc1sc2nc(CN3CCOCC3)nc(Nc3ccc4[nH]c(=O)[nH]c4c3)c2c1C,O=c1[nH]c2ccc(Nc3nc(CN4CCOCC4)nc4sccc34)cc2[nH]1,True,candidate,0.32358652,0.3764706,0.34848484,0.25707197
Z127342218,Cc1nn(C)c(C)c1Nc1nc(C(F)(F)F)nc2ccccc12,Cc1nn(C)c(C)c1Nc1nc(C(F)(F)F)nc2ccccc12,c1ccc2c(Nc3cn[nH]c3)ncnc2c1,True,candidate,0.32247013,0.34848484,0.4528302,0.15683231
Z1449687168,CC(Nc1ccc2c(c1)OCC(=O)N2)c1nc(-c2ccccc2)no1,CC(Nc1ccc2c(c1)OCC(=O)N2)c1nc(-c2ccccc2)no1,O=C1COc2cc(NCc3nc(-c4ccccc4)no3)ccc2N1,True,candidate,0.322298,0.39240506,0.43076923,0.31067196
Z300623010,O=C1COc2ccc(S(=O)(=O)NCCc3cccnc3)cc2N1,O=C1COc2ccc(S(=O)(=O)NCCc3cccnc3)cc2N1,O=C1COc2ccc(S(=O)(=O)NCCc3cccnc3)cc2N1,True,candidate,0.32090583,0.39240506,0.3968254,0.23647457
Z110098888,Cc1nc(SCC(=O)Nc2ccc3c(c2)NC(=O)C(C)O3)c2c(C)c(C)sc2n1,Cc1nc(SCC(=O)Nc2ccc3c(c2)NC(=O)C(C)O3)c2c(C)c(C)sc2n1,O=C(CSc1ncnc2sccc12)Nc1ccc2c(c1)NC(=O)CO2,True,candidate,0.32081464,0.34444445,0.43076923,0.20524591
Z2700054076,Cc1nc(-c2cccnc2)nc(NCc2cc3n(n2)CCCO3)c1C,Cc1nc(-c2cccnc2)nc(NCc2cc3n(n2)CCCO3)c1C,c1cncc(-c2nccc(NCc3cc4n(n3)CCCO4)n2)c1,True,candidate,0.31941777,0.35064936,0.3809524,0.28487888
Z29215577,Cc1ccsc1C(=O)Nc1ccc2c(c1)NC(=O)CO2,Cc1ccsc1C(=O)Nc1ccc2c(c1)NC(=O)CO2,O=C1COc2ccc(NC(=O)c3cccs3)cc2N1,True,candidate,0.31491947,0.38157895,0.39344263,0.16631916
Z2529035193,Cc1sc(COC(C)C)nc1-c1ccc2c(c1)NC(=O)CO2,Cc1sc(COC(C)C)nc1-c1ccc2c(c1)NC(=O)CO2,O=C1COc2ccc(-c3cscn3)cc2N1,True,candidate,0.31384954,0.375,0.390625,0.18699703
Z354276246,Cc1cc2nc(Nc3c(C)nn(C)c3C)c3ccccc3n2n1,Cc1cc2nc(Nc3c(C)nn(C)c3C)c3ccccc3n2n1,c1ccc2c(c1)c(Nc1cn[nH]c1)nc1ccnn12,True,candidate,0.31312668,0.3432836,0.42592594,0.15165693
Z1426060620,O=C1COc2ccc(S(=O)(=O)N3CCC(Oc4cccnc4)C3)cc2N1,O=C1COc2ccc(S(=O)(=O)N3CCC(Oc4cccnc4)C3)cc2N1,O=C1COc2ccc(S(=O)(=O)N3CCC(Oc4cccnc4)C3)cc2N1,True,candidate,0.31246346,0.3764706,0.4,0.21492368
Z29215717,Cc1cccc(C(=O)Nc2ccc3c(c2)NC(=O)CO3)c1C,Cc1cccc(C(=O)Nc2ccc3c(c2)NC(=O)CO3)c1C,O=C1COc2ccc(NC(=O)c3ccccc3)cc2N1,True,candidate,0.31226674,0.4,0.35,0.15484005
Z31202256,COc1ccc(Nc2nc(CN3CCOCC3)nc3sc(C)c(C)c23)cc1,COc1ccc(Nc2nc(CN3CCOCC3)nc3sc(C)c(C)c23)cc1,c1ccc(Nc2nc(CN3CCOCC3)nc3sccc23)cc1,True,candidate,0.31148955,0.32142857,0.40298507,0.26463896
Z89480774,Cc1ccc(-c2nc(CC(=O)Nc3ccc4c(c3)NC(=O)CO4)cs2)cc1,Cc1ccc(-c2nc(CC(=O)Nc3ccc4c(c3)NC(=O)CO4)cs2)cc1,O=C(Cc1csc(-c2ccccc2)n1)Nc1ccc2c(c1)NC(=O)CO2,True,candidate,0.31061554,0.38554215,0.36363637,0.18185891
Z89238947,Cc1ccccc1NC(=O)Cc1nc(-c2ccc3c(c2)NC(=O)CO3)c(C)s1,Cc1ccccc1NC(=O)Cc1nc(-c2ccc3c(c2)NC(=O)CO3)c(C)s1,O=C(Cc1nc(-c2ccc3c(c2)NC(=O)CO3)cs1)Nc1ccccc1,True,candidate,0.31034526,0.3882353,0.35820895,0.21540448
Z48864741,O=C1COc2ccc(-c3csc(-c4ccccn4)n3)cc2N1,O=C1COc2ccc(-c3csc(-c4ccccn4)n3)cc2N1,O=C1COc2ccc(-c3csc(-c4ccccn4)n3)cc2N1,True,candidate,0.31030878,0.35443038,0.43103448,0.1891892
Z1189032289,Cc1cc(NCC2(C)COC2)nc(-c2cccnc2)n1,Cc1cc(NCC2(C)COC2)nc(-c2cccnc2)n1,c1cncc(-c2nccc(NCC3COC3)n2)c1,True,candidate,0.3102029,0.3164557,0.4,0.2627668
Z212467472,Cc1nn(C)c(C)c1CC(=O)Nc1nc(-c2cccnc2)cs1,Cc1nn(C)c(C)c1CC(=O)Nc1nc(-c2cccnc2)cs1,O=C(Cc1cn[nH]c1)Nc1nc(-c2cccnc2)cs1,True,candidate,0.3094621,0.375,0.32786885,0.2247742
Z237818114,Cc1ccc(C(=O)NCC(c2ccco2)N(C)C)cn1,Cc1ccc(C(=O)NCC(c2ccco2)N(C)C)cn1,O=C(NCCc1ccco1)c1cccnc1,True,candidate,0.3090192,0.3943662,0.3392857,0.19230771
Z240918094,O=C1COc2ccc(-c3csc(-c4ccco4)n3)cc2N1,O=C1COc2ccc(-c3csc(-c4ccco4)n3)cc2N1,O=C1COc2ccc(-c3csc(-c4ccco4)n3)cc2N1,True,candidate,0.30681202,0.3375,0.4385965,0.17433862
Z29214569,Cc1nc(CC(=O)Nc2ccc3c(c2)NC(=O)CO3)cs1,Cc1nc(CC(=O)Nc2ccc3c(c2)NC(=O)CO3)cs1,O=C(Cc1cscn1)Nc1ccc2c(c1)NC(=O)CO2,True,candidate,0.30601808,0.39240506,0.3442623,0.17284688
Z1220609337,CC(CO)Nc1cc(C(F)(F)F)nc(-c2cccnc2)n1,CC(CO)Nc1cc(C(F)(F)F)nc(-c2cccnc2)n1,c1cnc(-c2cccnc2)nc1,True,candidate,0.30551514,0.33802816,0.3448276,0.22344828
Z31124131,COc1ccc(NC(C)=O)cc1Nc1nc(CN2CCCC2)nc2sc(C)c(C)c12,COc1ccc(NC(C)=O)cc1Nc1nc(CN2CCCC2)nc2sc(C)c(C)c12,c1ccc(Nc2nc(CN3CCCC3)nc3sccc23)cc1,True,candidate,0.3039267,0.3043478,0.4225352,0.24511784
Z324593046,Cc1sc2nc(SCC(=O)Nc3ccccc3)nc(N)c2c1C,Cc1sc2nc(SCC(=O)Nc3ccccc3)nc(N)c2c1C,O=C(CSc1ncc2ccsc2n1)Nc1ccccc1,True,candidate,0.3038094,0.30666667,0.45,0.27959865
Z729074766,Cc1cc(NCc2ccnc(C)n2)nc(-c2cccnc2)n1,Cc1cc(NCc2ccnc(C)n2)nc(-c2cccnc2)n1,c1cncc(-c2nccc(NCc3ccncn3)n2)c1,True,candidate,0.30372572,0.32,0.38181818,0.2836364
Z367803932,CN(C)C(CNC(=O)CCc1nc(-c2cccnc2)no1)c1cccs1,CN(C)C(CNC(=O)CCc1nc(-c2cccnc2)no1)c1cccs1,O=C(CCc1nc(-c2cccnc2)no1)NCCc1cccs1,True,candidate,0.30309448,0.34117648,0.4,0.2928475
Z118610032,O=C1COc2ccc(-c3csc(-c4ccsc4)n3)cc2N1,O=C1COc2ccc(-c3csc(-c4ccsc4)n3)cc2N1,O=C1COc2ccc(-c3csc(-c4ccsc4)n3)cc2N1,True,candidate,0.30294356,0.32911393,0.45614034,0.18206389
Z739257642,O=C1COc2cc(NC(=O)c3ccncc3)ccc2N1,O=C1COc2cc(NC(=O)c3ccncc3)ccc2N1,O=C1COc2cc(NC(=O)c3ccncc3)ccc2N1,True,candidate,0.30167875,0.34666666,0.41379312,0.16942382
Z1281874785,CC(Nc1ccc2c(c1)OCC(=O)N2)c1ncc(-c2ccccc2)o1,CC(Nc1ccc2c(c1)OCC(=O)N2)c1ncc(-c2ccccc2)o1,O=C1COc2cc(NCc3ncc(-c4ccccc4)o3)ccc2N1,True,candidate,0.30166614,0.34146342,0.41538462,0.18848684
Z1173165849,CCN(CC)C(CNc1ncccc1C(F)(F)F)c1ccco1,CCN(CC)C(CNc1ncccc1C(F)(F)F)c1ccco1,c1ccc(NCCc2ccco2)nc1,True,candidate,0.3012224,0.35135135,0.4074074,0.20833334
