Method,CatalogID,rank,score,nearest_other_positive_similarity,nearest_negative_similarity,structure_status
frozen_DEL_ECFP,Z905549638,945,0.46748924,0.48571429,0.49253732,matches
frozen_DEL_ECFP,Z770862642,49,0.8844866,0.60344827,0.53731346,matches
frozen_DEL_ECFP,Z768126332,74,0.85796087,0.75,0.50943398,matches
frozen_DEL_ECFP,Z67677969,2855,0.19143861,0.34782609,0.42857143,matches
frozen_DEL_ECFP,Z647261612,687,0.55116185,0.53225809,0.49253732,matches
frozen_DEL_ECFP,Z647209662,2186,0.25270566,0.27692309,0.55172414,matches
frozen_DEL_ECFP,Z605673976,239,0.76345353,0.49180329,0.47619048,matches
frozen_DEL_ECFP,Z605670804,580,0.60047767,0.5151515,0.5,matches
frozen_DEL_ECFP,Z4622651629,5712,0.053369212,0.32786885,0.40677965,matches
frozen_DEL_ECFP,Z460549128,3075,0.17448719,0.45454547,0.45070422,matches
frozen_DEL_ECFP,Z45723235,2033,0.27089902,0.31343284,0.37681159,matches
frozen_DEL_ECFP,Z432211934,2006,0.27323346,0.53225809,0.47692308,matches
frozen_DEL_ECFP,Z412610460,1932,0.2804001,0.37681159,0.5,matches
frozen_DEL_ECFP,Z396812974,736,0.52951625,0.56140351,0.47540984,matches
frozen_DEL_ECFP,Z372562134,2096,0.26440572,0.60714287,0.53333336,matches
frozen_DEL_ECFP,Z359457804,219,0.77129341,0.60714287,0.52459013,matches
frozen_DEL_ECFP,Z351264444,3189,0.16663162,0.28378379,0.5,matches
frozen_DEL_ECFP,Z3290588464,244,0.75999664,0.5151515,0.71428573,matches
frozen_DEL_ECFP,Z298692376,721,0.53718288,0.51666665,0.51724136,matches
frozen_DEL_ECFP,Z298618366,120,0.81742429,0.75,0.56862748,matches
frozen_DEL_ECFP,Z288425036,1939,0.27996077,0.45333335,0.43661973,matches
frozen_DEL_ECFP,Z288394828,597,0.59236496,0.46774194,0.53448278,matches
frozen_DEL_ECFP,Z2479687389,5947,0.045753838,0.14457831,0.53333336,matches
frozen_DEL_ECFP,Z237461384,1208,0.39534014,0.52941179,0.58333331,matches
frozen_DEL_ECFP,Z2228280007,3154,0.1696758,0.25,0.5151515,matches
frozen_DEL_ECFP,Z2080929654,1785,0.2996154,0.18292683,0.32051283,matches
frozen_DEL_ECFP,Z1981745515,2854,0.19151757,0.26923078,0.56896549,matches
frozen_DEL_ECFP,Z195739680,247,0.75870938,0.29508197,0.68888891,matches
frozen_DEL_ECFP,Z1675240202,646,0.5701973,0.2,0.35211268,matches
frozen_DEL_ECFP,Z1635832233,5669,0.054791847,0.52054793,0.49315068,matches
frozen_DEL_ECFP,Z1614017808,1397,0.36189256,0.52054793,0.70149255,matches
frozen_DEL_ECFP,Z1544637745,4854,0.084443428,0.32051283,0.48648649,matches
frozen_DEL_ECFP,Z1529908442,1304,0.37786452,0.42857143,0.50819671,matches
frozen_DEL_ECFP,Z1521775477,1096,0.42568912,0.53225809,0.54237288,matches
frozen_DEL_ECFP,Z1452057124,3850,0.12740015,0.32051283,0.32051283,matches
frozen_DEL_ECFP,Z1445518982,1583,0.33064747,0.56363636,0.51724136,matches
frozen_DEL_ECFP,Z1334270635,2554,0.21554386,0.42857143,0.50847459,matches
frozen_DEL_ECFP,Z1331993318,1587,0.33000144,0.33333334,0.54098362,matches
frozen_DEL_ECFP,Z1101587482,2576,0.2130232,0.37681159,0.5,matches
frozen_DEL_FCFP,Z905549638,1537,0.13762843,0.48571429,0.49253732,matches
frozen_DEL_FCFP,Z770862642,513,0.3225661,0.60344827,0.53731346,matches
frozen_DEL_FCFP,Z768126332,634,0.27892243,0.75,0.50943398,matches
frozen_DEL_FCFP,Z67677969,1918,0.11054924,0.34782609,0.42857143,matches
frozen_DEL_FCFP,Z647261612,2399,0.08552358,0.53225809,0.49253732,matches
frozen_DEL_FCFP,Z647209662,3577,0.052309892,0.27692309,0.55172414,matches
frozen_DEL_FCFP,Z605673976,4908,0.030867406,0.49180329,0.47619048,matches
frozen_DEL_FCFP,Z605670804,6411,0.010240291,0.5151515,0.5,matches
frozen_DEL_FCFP,Z4622651629,3665,0.050564617,0.32786885,0.40677965,matches
frozen_DEL_FCFP,Z460549128,2312,0.088988295,0.45454547,0.45070422,matches
frozen_DEL_FCFP,Z45723235,1662,0.12759394,0.31343284,0.37681159,matches
frozen_DEL_FCFP,Z432211934,1595,0.13382711,0.53225809,0.47692308,matches
frozen_DEL_FCFP,Z412610460,4384,0.038327235,0.37681159,0.5,matches
frozen_DEL_FCFP,Z396812974,446,0.36467323,0.56140351,0.47540984,matches
frozen_DEL_FCFP,Z372562134,2654,0.075659116,0.60714287,0.53333336,matches
frozen_DEL_FCFP,Z359457804,2678,0.07495169,0.60714287,0.52459013,matches
frozen_DEL_FCFP,Z351264444,1653,0.12829913,0.28378379,0.5,matches
frozen_DEL_FCFP,Z3290588464,6278,0.012855703,0.5151515,0.71428573,matches
frozen_DEL_FCFP,Z298692376,667,0.27092304,0.51666665,0.51724136,matches
frozen_DEL_FCFP,Z298618366,319,0.43511645,0.75,0.56862748,matches
frozen_DEL_FCFP,Z288425036,334,0.42276929,0.45333335,0.43661973,matches
frozen_DEL_FCFP,Z288394828,1090,0.18595414,0.46774194,0.53448278,matches
frozen_DEL_FCFP,Z2479687389,1504,0.14008879,0.14457831,0.53333336,matches
frozen_DEL_FCFP,Z237461384,1404,0.15100856,0.52941179,0.58333331,matches
frozen_DEL_FCFP,Z2228280007,1123,0.18189217,0.25,0.5151515,matches
frozen_DEL_FCFP,Z2080929654,20,0.81379246,0.18292683,0.32051283,matches
frozen_DEL_FCFP,Z1981745515,4243,0.040832668,0.26923078,0.56896549,matches
frozen_DEL_FCFP,Z195739680,254,0.48063967,0.29508197,0.68888891,matches
frozen_DEL_FCFP,Z1675240202,822,0.23186688,0.2,0.35211268,matches
frozen_DEL_FCFP,Z1635832233,4439,0.037536859,0.52054793,0.49315068,matches
frozen_DEL_FCFP,Z1614017808,3754,0.049054793,0.52054793,0.70149255,matches
frozen_DEL_FCFP,Z1544637745,5945,0.017641337,0.32051283,0.48648649,matches
frozen_DEL_FCFP,Z1529908442,1957,0.10734542,0.42857143,0.50819671,matches
frozen_DEL_FCFP,Z1521775477,1752,0.12132954,0.53225809,0.54237288,matches
frozen_DEL_FCFP,Z1452057124,5743,0.020292066,0.32051283,0.32051283,matches
frozen_DEL_FCFP,Z1445518982,857,0.22509871,0.56363636,0.51724136,matches
frozen_DEL_FCFP,Z1334270635,939,0.2105744,0.42857143,0.50847459,matches
frozen_DEL_FCFP,Z1331993318,2257,0.091243278,0.33333334,0.54098362,matches
frozen_DEL_FCFP,Z1101587482,2431,0.084153219,0.37681159,0.5,matches
historical_G_ligand_plus_DEL,Z905549638,4647,0.14124242,0.48571429,0.49253732,matches
historical_G_ligand_plus_DEL,Z770862642,1693,0.1905529,0.60344827,0.53731346,matches
historical_G_ligand_plus_DEL,Z768126332,755,0.21942824,0.75,0.50943398,matches
historical_G_ligand_plus_DEL,Z67677969,297,0.24884371,0.34782609,0.42857143,matches
historical_G_ligand_plus_DEL,Z647261612,1887,0.18604535,0.53225809,0.49253732,matches
historical_G_ligand_plus_DEL,Z647209662,4587,0.14217892,0.27692309,0.55172414,matches
historical_G_ligand_plus_DEL,Z605673976,111,0.28069982,0.49180329,0.47619048,matches
historical_G_ligand_plus_DEL,Z605670804,1181,0.20385073,0.5151515,0.5,matches
historical_G_ligand_plus_DEL,Z4622651629,5967,0.1166778,0.32786885,0.40677965,matches
historical_G_ligand_plus_DEL,Z460549128,4373,0.14548737,0.45454547,0.45070422,matches
historical_G_ligand_plus_DEL,Z45723235,5024,0.13483863,0.31343284,0.37681159,matches
historical_G_ligand_plus_DEL,Z432211934,5403,0.1285521,0.53225809,0.47692308,matches
historical_G_ligand_plus_DEL,Z412610460,2664,0.17159515,0.37681159,0.5,matches
historical_G_ligand_plus_DEL,Z396812974,1571,0.19350725,0.56140351,0.47540984,matches
historical_G_ligand_plus_DEL,Z372562134,3912,0.15226414,0.60714287,0.53333336,matches
historical_G_ligand_plus_DEL,Z359457804,382,0.24232319,0.60714287,0.52459013,matches
historical_G_ligand_plus_DEL,Z351264444,5727,0.12176526,0.28378379,0.5,matches
historical_G_ligand_plus_DEL,Z3290588464,709,0.22105564,0.5151515,0.71428573,matches
historical_G_ligand_plus_DEL,Z298692376,2839,0.16860556,0.51666665,0.51724136,matches
historical_G_ligand_plus_DEL,Z298618366,851,0.21553667,0.75,0.56862748,matches
historical_G_ligand_plus_DEL,Z288425036,4790,0.13879695,0.45333335,0.43661973,matches
historical_G_ligand_plus_DEL,Z288394828,908,0.21307974,0.46774194,0.53448278,matches
historical_G_ligand_plus_DEL,Z2479687389,6229,0.10853711,0.14457831,0.53333336,matches
historical_G_ligand_plus_DEL,Z237461384,1055,0.20768104,0.52941179,0.58333331,matches
historical_G_ligand_plus_DEL,Z2228280007,1796,0.18840554,0.25,0.5151515,matches
historical_G_ligand_plus_DEL,Z2080929654,2693,0.17109204,0.18292683,0.32051283,matches
historical_G_ligand_plus_DEL,Z1981745515,3794,0.15405731,0.26923078,0.56896549,matches
historical_G_ligand_plus_DEL,Z195739680,177,0.26575266,0.29508197,0.68888891,matches
historical_G_ligand_plus_DEL,Z1675240202,3654,0.15613871,0.2,0.35211268,matches
historical_G_ligand_plus_DEL,Z1635832233,5397,0.12863253,0.52054793,0.49315068,matches
historical_G_ligand_plus_DEL,Z1614017808,4582,0.14221778,0.52054793,0.70149255,matches
historical_G_ligand_plus_DEL,Z1544637745,5762,0.1212122,0.32051283,0.48648649,matches
historical_G_ligand_plus_DEL,Z1529908442,1290,0.20072365,0.42857143,0.50819671,matches
historical_G_ligand_plus_DEL,Z1521775477,3949,0.15172144,0.53225809,0.54237288,matches
historical_G_ligand_plus_DEL,Z1452057124,6339,0.10317472,0.32051283,0.32051283,matches
historical_G_ligand_plus_DEL,Z1445518982,3021,0.16604474,0.56363636,0.51724136,matches
historical_G_ligand_plus_DEL,Z1334270635,1539,0.19423868,0.42857143,0.50847459,matches
historical_G_ligand_plus_DEL,Z1331993318,4426,0.14459077,0.33333334,0.54098362,matches
historical_G_ligand_plus_DEL,Z1101587482,2771,0.16970662,0.37681159,0.5,matches
release_positive_neighbor,Z905549638,36,4.3091116,0.48571429,0.49253732,matches
release_positive_neighbor,Z770862642,3,14.204638,0.60344827,0.53731346,matches
release_positive_neighbor,Z768126332,1,24.84248,0.75,0.50943398,matches
release_positive_neighbor,Z67677969,131,1.6382663,0.34782609,0.42857143,matches
release_positive_neighbor,Z647261612,24,4.8696237,0.53225809,0.49253732,matches
release_positive_neighbor,Z647209662,463,0.17115931,0.27692309,0.55172414,matches
release_positive_neighbor,Z605673976,30,4.6797419,0.49180329,0.47619048,matches
release_positive_neighbor,Z605670804,21,5.1941075,0.5151515,0.5,matches
release_positive_neighbor,Z4622651629,114,1.8077352,0.32786885,0.40677965,matches
release_positive_neighbor,Z460549128,44,3.8853106,0.45454547,0.45070422,matches
release_positive_neighbor,Z45723235,127,1.6803191,0.31343284,0.37681159,matches
release_positive_neighbor,Z432211934,20,5.3566337,0.53225809,0.47692308,matches
release_positive_neighbor,Z412610460,3417,-1.874352,0.37681159,0.5,matches
release_positive_neighbor,Z396812974,5,12.293109,0.56140351,0.47540984,matches
release_positive_neighbor,Z372562134,10,7.9508071,0.60714287,0.53333336,matches
release_positive_neighbor,Z359457804,7,9.340169,0.60714287,0.52459013,matches
release_positive_neighbor,Z351264444,572,-0.00063033932,0.28378379,0.5,matches
release_positive_neighbor,Z3290588464,51,3.7065568,0.5151515,0.71428573,matches
release_positive_neighbor,Z298692376,11,7.5780849,0.51666665,0.51724136,matches
release_positive_neighbor,Z298618366,2,21.662804,0.75,0.56862748,matches
release_positive_neighbor,Z288425036,93,2.2568655,0.45333335,0.43661973,matches
release_positive_neighbor,Z288394828,66,2.9304068,0.46774194,0.53448278,matches
release_positive_neighbor,Z2479687389,3721,-2.0115097,0.14457831,0.53333336,matches
release_positive_neighbor,Z237461384,37,4.2770896,0.52941179,0.58333331,matches
release_positive_neighbor,Z2228280007,4007,-2.144758,0.25,0.5151515,matches
release_positive_neighbor,Z2080929654,2240,-1.2882311,0.18292683,0.32051283,matches
release_positive_neighbor,Z1981745515,770,-0.25087792,0.26923078,0.56896549,matches
release_positive_neighbor,Z195739680,1260,-0.71038687,0.29508197,0.68888891,matches
release_positive_neighbor,Z1675240202,1718,-0.99858463,0.2,0.35211268,matches
release_positive_neighbor,Z1635832233,498,0.10490438,0.52054793,0.49315068,matches
release_positive_neighbor,Z1614017808,1770,-1.0349796,0.52054793,0.70149255,matches
release_positive_neighbor,Z1544637745,650,-0.10882922,0.32051283,0.48648649,matches
release_positive_neighbor,Z1529908442,90,2.2923124,0.42857143,0.50819671,matches
release_positive_neighbor,Z1521775477,48,3.7828462,0.53225809,0.54237288,matches
release_positive_neighbor,Z1452057124,113,1.8452152,0.32051283,0.32051283,matches
release_positive_neighbor,Z1445518982,8,8.3594933,0.56363636,0.51724136,matches
release_positive_neighbor,Z1334270635,88,2.3621681,0.42857143,0.50847459,matches
release_positive_neighbor,Z1331993318,159,1.3797182,0.33333334,0.54098362,matches
release_positive_neighbor,Z1101587482,171,1.293679,0.37681159,0.5,matches
DEL_plus_release_adaptation,Z905549638,24,5.4317446,0.48571429,0.49253732,matches
DEL_plus_release_adaptation,Z770862642,3,15.745889,0.60344827,0.53731346,matches
DEL_plus_release_adaptation,Z768126332,1,26.724844,0.75,0.50943398,matches
DEL_plus_release_adaptation,Z67677969,147,1.7674464,0.34782609,0.42857143,matches
DEL_plus_release_adaptation,Z647261612,30,5.1577468,0.53225809,0.49253732,matches
DEL_plus_release_adaptation,Z647209662,671,-0.079648361,0.27692309,0.55172414,matches
DEL_plus_release_adaptation,Z605673976,72,3.2488384,0.49180329,0.47619048,matches
DEL_plus_release_adaptation,Z605670804,46,4.2448792,0.5151515,0.5,matches
DEL_plus_release_adaptation,Z4622651629,116,2.1424348,0.32786885,0.40677965,matches
DEL_plus_release_adaptation,Z460549128,41,4.4860721,0.45454547,0.45070422,matches
DEL_plus_release_adaptation,Z45723235,110,2.2997999,0.31343284,0.37681159,matches
DEL_plus_release_adaptation,Z432211934,17,6.3421283,0.53225809,0.47692308,matches
DEL_plus_release_adaptation,Z412610460,4352,-2.6561856,0.37681159,0.5,matches
DEL_plus_release_adaptation,Z396812974,4,13.732443,0.56140351,0.47540984,matches
DEL_plus_release_adaptation,Z372562134,10,8.1098061,0.60714287,0.53333336,matches
DEL_plus_release_adaptation,Z359457804,9,9.6850643,0.60714287,0.52459013,matches
DEL_plus_release_adaptation,Z351264444,476,0.2358788,0.28378379,0.5,matches
DEL_plus_release_adaptation,Z3290588464,79,2.9440234,0.5151515,0.71428573,matches
DEL_plus_release_adaptation,Z298692376,11,7.9150953,0.51666665,0.51724136,matches
DEL_plus_release_adaptation,Z298618366,2,23.043575,0.75,0.56862748,matches
DEL_plus_release_adaptation,Z288425036,55,3.7269464,0.45333335,0.43661973,matches
DEL_plus_release_adaptation,Z288394828,66,3.3873754,0.46774194,0.53448278,matches
DEL_plus_release_adaptation,Z2479687389,3337,-2.1010582,0.14457831,0.53333336,matches
DEL_plus_release_adaptation,Z237461384,37,4.7615685,0.52941179,0.58333331,matches
DEL_plus_release_adaptation,Z2228280007,2954,-1.8844227,0.25,0.5151515,matches
DEL_plus_release_adaptation,Z2080929654,579,0.043627832,0.18292683,0.32051283,matches
DEL_plus_release_adaptation,Z1981745515,1192,-0.69722539,0.26923078,0.56896549,matches
DEL_plus_release_adaptation,Z195739680,861,-0.34215212,0.29508197,0.68888891,matches
DEL_plus_release_adaptation,Z1675240202,1491,-0.96648985,0.2,0.35211268,matches
DEL_plus_release_adaptation,Z1635832233,994,-0.48097426,0.52054793,0.49315068,matches
DEL_plus_release_adaptation,Z1614017808,2080,-1.3843172,0.52054793,0.70149255,matches
DEL_plus_release_adaptation,Z1544637745,1576,-1.0392876,0.32051283,0.48648649,matches
DEL_plus_release_adaptation,Z1529908442,94,2.5448627,0.42857143,0.50819671,matches
DEL_plus_release_adaptation,Z1521775477,34,4.9037924,0.53225809,0.54237288,matches
DEL_plus_release_adaptation,Z1452057124,248,1.0420933,0.32051283,0.32051283,matches
DEL_plus_release_adaptation,Z1445518982,7,9.7617273,0.56363636,0.51724136,matches
DEL_plus_release_adaptation,Z1334270635,77,3.0265946,0.42857143,0.50847459,matches
DEL_plus_release_adaptation,Z1331993318,177,1.4774343,0.33333334,0.54098362,matches
DEL_plus_release_adaptation,Z1101587482,197,1.3166255,0.37681159,0.5,matches
