CatalogID,SMILES,canonical,scaffold,valid,role
Z31065700,Cc1sc2nc(-c3cccnc3)nc(Nc3cccc(CO)c3)c2c1C,Cc1sc2nc(-c3cccnc3)nc(Nc3cccc(CO)c3)c2c1C,c1ccc(Nc2nc(-c3cccnc3)nc3sccc23)cc1,True,X_candidate
Z127342034,Cc1nn(C)c(C)c1Nc1nc(-c2cccnc2)nc2sc(C)c(C)c12,Cc1nn(C)c(C)c1Nc1nc(-c2cccnc2)nc2sc(C)c(C)c12,c1cncc(-c2nc(Nc3cn[nH]c3)c3ccsc3n2)c1,True,X_candidate
Z31163435,Cc1sc2nc(-c3cccnc3)nc(NCC(c3ccco3)N(C)C)c2c1C,Cc1sc2nc(-c3cccnc3)nc(NCC(c3ccco3)N(C)C)c2c1C,c1cncc(-c2nc(NCCc3ccco3)c3ccsc3n2)c1,True,X_candidate
Z31075492,Cc1sc2nc(-c3cccnc3)nc(Nc3ccc4c(c3)NC(=O)CO4)c2c1C,Cc1sc2nc(-c3cccnc3)nc(Nc3ccc4c(c3)NC(=O)CO4)c2c1C,O=C1COc2ccc(Nc3nc(-c4cccnc4)nc4sccc34)cc2N1,True,X_candidate
Z646600274,CNC(=O)COc1ccc(CNc2ccc(C#N)cn2)cc1,CNC(=O)COc1ccc(CNc2ccc(C#N)cn2)cc1,c1ccc(CNc2ccccn2)cc1,True,proven_zero_J_filler
Z1416544138,CNC(=O)Cc1noc(-c2cccc(OC)c2)n1,CNC(=O)Cc1noc(-c2cccc(OC)c2)n1,c1ccc(-c2ncno2)cc1,True,proven_zero_J_filler
Z916732690,COc1ccc(-c2nnc(NC(=O)c3ccc(C#N)cc3)[nH]2)c(OC)c1,COc1ccc(-c2nnc(NC(=O)c3ccc(C#N)cc3)[nH]2)c(OC)c1,O=C(Nc1nnc(-c2ccccc2)[nH]1)c1ccccc1,True,proven_zero_J_filler
Z1609196562,CCC(Nc1cncc(-c2nncn2C)c1)c1ccc(OC)cc1,CCC(Nc1cncc(-c2nncn2C)c1)c1ccc(OC)cc1,c1ccc(CNc2cncc(-c3nnc[nH]3)c2)cc1,True,proven_zero_J_filler
Z68757865,CCN(Cc1nc2cc(OC)c(OC)cc2c(=O)[nH]1)C(=O)c1cccnc1,CCN(Cc1nc2cc(OC)c(OC)cc2c(=O)[nH]1)C(=O)c1cccnc1,O=C(NCc1nc2ccccc2c(=O)[nH]1)c1cccnc1,True,proven_zero_J_filler
Z645005360,COc1cc(C)c(C(C)Nc2ccc(C#N)cn2)cc1OC,COc1cc(C)c(C(C)Nc2ccc(C#N)cn2)cc1OC,c1ccc(CNc2ccccn2)cc1,True,proven_zero_J_filler
Z94604721,COc1cc(C#N)ccc1OCc1nc2ccccc2c(=O)n1CC(N)=O,COc1cc(C#N)ccc1OCc1nc2ccccc2c(=O)n1CC(N)=O,O=c1[nH]c(COc2ccccc2)nc2ccccc12,True,proven_zero_J_filler
Z46373102,COc1ccc(CN(C)CC(=O)Nc2ccc(C#N)cc2)c(OC)c1,COc1ccc(CN(C)CC(=O)Nc2ccc(C#N)cc2)c(OC)c1,O=C(CNCc1ccccc1)Nc1ccccc1,True,proven_zero_J_filler
Z30632663,COc1ccc(CCNC(=O)c2ccc(C#N)cc2)cc1,COc1ccc(CCNC(=O)c2ccc(C#N)cc2)cc1,O=C(NCCc1ccccc1)c1ccccc1,True,proven_zero_J_filler
Z192621776,COc1ccc(C)cc1CCNC(=O)CCc1ccc(C#N)cc1,COc1ccc(C)cc1CCNC(=O)CCc1ccc(C#N)cc1,O=C(CCc1ccccc1)NCCc1ccccc1,True,proven_zero_J_filler
Z1119645208,COc1ccc(-c2nc(CNC(=O)c3ccc(C#N)cc3)n[nH]2)cc1,COc1ccc(-c2nc(CNC(=O)c3ccc(C#N)cc3)n[nH]2)cc1,O=C(NCc1n[nH]c(-c2ccccc2)n1)c1ccccc1,True,proven_zero_J_filler
Z64681951,CCC(Nc1ncnc2sccc12)c1ccc(OC)cc1,CCC(Nc1ncnc2sccc12)c1ccc(OC)cc1,c1ccc(CNc2ncnc3sccc23)cc1,True,proven_zero_J_filler
Z1560637046,COc1ccnc2c(NC(=O)c3ccc(C#N)cc3)cccc12,COc1ccnc2c(NC(=O)c3ccc(C#N)cc3)cccc12,O=C(Nc1cccc2cccnc12)c1ccccc1,True,proven_zero_J_filler
Z200303786,COc1cc(NC(=O)CNc2ccc(C#N)cc2)c(OC)cc1Cl,COc1cc(NC(=O)CNc2ccc(C#N)cc2)c(OC)cc1Cl,O=C(CNc1ccccc1)Nc1ccccc1,True,proven_zero_J_filler
Z1281817156,COc1cc(NC(C)c2ccc(C#N)cc2)ccc1N1CCCC1=O,COc1cc(NC(C)c2ccc(C#N)cc2)ccc1N1CCCC1=O,O=C1CCCN1c1ccc(NCc2ccccc2)cc1,True,proven_zero_J_filler
Z95535362,COc1ccc(CC(=O)Nc2ccc(C#N)cc2)cc1F,COc1ccc(CC(=O)Nc2ccc(C#N)cc2)cc1F,O=C(Cc1ccccc1)Nc1ccccc1,True,proven_zero_J_filler
Z26256389,COc1cc(C#N)ccc1OCc1ncc(-c2ccccc2)o1,COc1cc(C#N)ccc1OCc1ncc(-c2ccccc2)o1,c1ccc(OCc2ncc(-c3ccccc3)o2)cc1,True,proven_zero_J_filler
Z338537148,Cc1ccc(-c2cnc(CCC(=O)NC(C)c3ccc(C#N)cc3)o2)cc1C,Cc1ccc(-c2cnc(CCC(=O)NC(C)c3ccc(C#N)cc3)o2)cc1C,O=C(CCc1ncc(-c2ccccc2)o1)NCc1ccccc1,True,proven_zero_J_filler
Z1020952796,COc1cc(OC)c(NS(=O)(=O)c2ccc(C#N)cc2)c(C(=O)O)c1,COc1cc(OC)c(NS(=O)(=O)c2ccc(C#N)cc2)c(C(=O)O)c1,O=S(=O)(Nc1ccccc1)c1ccccc1,True,proven_zero_J_filler
Z26325052,COc1ccc(C(N)=O)c(OCc2ccc(C#N)cc2)c1,COc1ccc(C(N)=O)c(OCc2ccc(C#N)cc2)c1,c1ccc(COc2ccccc2)cc1,True,proven_zero_J_filler
Z1785650913,CNC(=O)COc1ccccc1CNc1ccc(C#N)cc1,CNC(=O)COc1ccccc1CNc1ccc(C#N)cc1,c1ccc(CNc2ccccc2)cc1,True,proven_zero_J_filler
Z1193291607,CNC(=O)CCNc1nc(-c2ccncc2)nc(C)c1C,CNC(=O)CCNc1nc(-c2ccncc2)nc(C)c1C,c1cnc(-c2ccncc2)nc1,True,proven_zero_J_filler
Z24246509,COc1cccc(-c2nnn(Cc3ccc(C#N)cc3)n2)c1,COc1cccc(-c2nnn(Cc3ccc(C#N)cc3)n2)c1,c1ccc(Cn2nnc(-c3ccccc3)n2)cc1,True,proven_zero_J_filler
Z1272176887,CNC(=O)c1ccc(CNc2nc(-c3cccc(OC)c3)no2)cc1,CNC(=O)c1ccc(CNc2nc(-c3cccc(OC)c3)no2)cc1,c1ccc(CNc2nc(-c3ccccc3)no2)cc1,True,proven_zero_J_filler
Z1129295504,COc1ccccc1CCN(C)C(=O)c1ccc(C#N)cc1,COc1ccccc1CCN(C)C(=O)c1ccc(C#N)cc1,O=C(NCCc1ccccc1)c1ccccc1,True,proven_zero_J_filler
Z57730180,COc1cc(C#N)ccc1OCc1nc(-c2cccs2)no1,COc1cc(C#N)ccc1OCc1nc(-c2cccs2)no1,c1ccc(OCc2nc(-c3cccs3)no2)cc1,True,proven_zero_J_filler
Z112995824,COc1cc(C#N)ccc1OC(C)C(=O)Nc1cc(C)on1,COc1cc(C#N)ccc1OC(C)C(=O)Nc1cc(C)on1,O=C(COc1ccccc1)Nc1ccon1,True,proven_zero_J_filler
Z666606600,COC(=O)c1ccc(Cc2nc3cc(OC)c(OC)cc3c(=O)[nH]2)o1,COC(=O)c1ccc(Cc2nc3cc(OC)c(OC)cc3c(=O)[nH]2)o1,O=c1[nH]c(Cc2ccco2)nc2ccccc12,True,proven_zero_J_filler
Z840371510,COc1cc2nc(CN(C)c3cccc(C(C)C)c3)[nH]c(=O)c2cc1OC,COc1cc2nc(CN(C)c3cccc(C(C)C)c3)[nH]c(=O)c2cc1OC,O=c1[nH]c(CNc2ccccc2)nc2ccccc12,True,proven_zero_J_filler
Z646378882,COc1ccccc1CC(C)Nc1ccc(C#N)cn1,COc1ccccc1CC(C)Nc1ccc(C#N)cn1,c1ccc(CCNc2ccccn2)cc1,True,proven_zero_J_filler
Z167742680,COc1ccc(-c2nnc(COc3ccc(C#N)cc3OC)o2)cc1,COc1ccc(-c2nnc(COc3ccc(C#N)cc3OC)o2)cc1,c1ccc(OCc2nnc(-c3ccccc3)o2)cc1,True,proven_zero_J_filler
Z2971660643,CNC(=O)C(O)CNc1ccnc2ccc(OC)cc12,CNC(=O)C(O)CNc1ccnc2ccc(OC)cc12,c1ccc2ncccc2c1,True,proven_zero_J_filler
Z367815214,COc1ccccc1CCNC(=O)CCc1nc(-c2cccnc2)no1,COc1ccccc1CCNC(=O)CCc1nc(-c2cccnc2)no1,O=C(CCc1nc(-c2cccnc2)no1)NCCc1ccccc1,True,proven_zero_J_filler
Z2168548421,COc1ccc(C(=O)O)c(NS(=O)(=O)c2cncc(C#N)c2)c1,COc1ccc(C(=O)O)c(NS(=O)(=O)c2cncc(C#N)c2)c1,O=S(=O)(Nc1ccccc1)c1cccnc1,True,proven_zero_J_filler
Z2984362386,CNC(=O)Cn1cc(-c2ccc(OC)c(OC)c2)nn1,CNC(=O)Cn1cc(-c2ccc(OC)c(OC)c2)nn1,c1ccc(-c2c[nH]nn2)cc1,True,proven_zero_J_filler
Z1213700407,COc1ccc(-c2nsc(NC(=O)CC(C)C)n2)cc1OC,COc1ccc(-c2nsc(NC(=O)CC(C)C)n2)cc1OC,c1ccc(-c2ncsn2)cc1,True,proven_zero_J_filler
Z1182636214,Cc1cc(Oc2ccc(C#N)cc2)nc(-c2ccncc2)n1,Cc1cc(Oc2ccc(C#N)cc2)nc(-c2ccncc2)n1,c1ccc(Oc2ccnc(-c3ccncc3)n2)cc1,True,proven_zero_J_filler
Z1764877177,CCNC(=O)CNc1nc(-c2cccc(OC)c2)no1,CCNC(=O)CNc1nc(-c2cccc(OC)c2)no1,c1ccc(-c2ncon2)cc1,True,proven_zero_J_filler
Z224101234,COc1ccc(C(CC(=O)Nc2nc3ccc(F)cc3s2)NC(C)=O)cc1,COc1ccc(C(CC(=O)Nc2nc3ccc(F)cc3s2)NC(C)=O)cc1,O=C(CCc1ccccc1)Nc1nc2ccccc2s1,True,proven_zero_J_filler
Z1171898067,COc1ccc2cc(C(=O)NCC(C)C#N)c(C)nc2c1,COc1ccc2cc(C(=O)NCC(C)C#N)c(C)nc2c1,c1ccc2ncccc2c1,True,proven_zero_J_filler
Z30943316,COc1ccc(OC)c(NC(=O)CC(NC(C)=O)c2ccccc2)c1,COc1ccc(OC)c(NC(=O)CC(NC(C)=O)c2ccccc2)c1,O=C(CCc1ccccc1)Nc1ccccc1,True,proven_zero_J_filler
Z142808222,COc1ccc(C(CC(=O)Nc2cccc3ccccc23)NC(C)=O)cc1,COc1ccc(C(CC(=O)Nc2cccc3ccccc23)NC(C)=O)cc1,O=C(CCc1ccccc1)Nc1cccc2ccccc12,True,proven_zero_J_filler
Z1764876296,CCNC(=O)CNc1ccc2cc(C#N)ccc2n1,CCNC(=O)CNc1ccc2cc(C#N)ccc2n1,c1ccc2ncccc2c1,True,proven_zero_J_filler
Z646457490,COc1cc(C(C)Nc2nnc(C)c(C)c2C#N)ccc1OCCO,COc1cc(C(C)Nc2nnc(C)c(C)c2C#N)ccc1OCCO,c1ccc(CNc2cccnn2)cc1,True,proven_zero_J_filler
Z441354688,COc1ccc(C(=O)NC(=O)CSc2cc(C#N)ccn2)cc1,COc1ccc(C(=O)NC(=O)CSc2cc(C#N)ccn2)cc1,O=C(CSc1ccccn1)NC(=O)c1ccccc1,True,proven_zero_J_filler
Z397780838,CC(Nc1nc2ccccc2o1)c1ccc(C#N)cc1,CC(Nc1nc2ccccc2o1)c1ccc(C#N)cc1,c1ccc(CNc2nc3ccccc3o2)cc1,True,proven_zero_J_filler
