CatalogID,role
Z1514105447,round14_candidate
Z4661331921,round14_candidate
Z1137689680,round14_candidate
Z1626099971,round14_candidate
Z31254272,round14_candidate
Z2384709145,round14_candidate
Z2974918065,round14_candidate
Z64632059,round14_candidate
Z194421928,round14_candidate
Z367557450,round14_candidate
Z1139738872,round14_candidate
Z1993862266,round14_candidate
Z1325608648,confirmed_negative_filler
Z1528740236,confirmed_negative_filler
Z2063897166,confirmed_negative_filler
Z2206563812,confirmed_negative_filler
Z733383590,confirmed_negative_filler
Z200514684,confirmed_negative_filler
Z1119645208,confirmed_negative_filler
Z241271484,confirmed_negative_filler
Z127342034,confirmed_negative_filler
Z750040788,confirmed_negative_filler
Z28495745,confirmed_negative_filler
Z1696877857,confirmed_negative_filler
Z1747824547,confirmed_negative_filler
Z18450435,confirmed_negative_filler
Z26397786,confirmed_negative_filler
Z1139393905,confirmed_negative_filler
Z1250625089,confirmed_negative_filler
Z15882080,confirmed_negative_filler
Z1272176887,confirmed_negative_filler
Z2004636550,confirmed_negative_filler
Z106726520,confirmed_negative_filler
Z1528727314,confirmed_negative_filler
Z100764152,confirmed_negative_filler
Z26397087,confirmed_negative_filler
Z646600274,confirmed_negative_filler
Z826872852,confirmed_negative_filler
Z2569702484,confirmed_negative_filler
Z434004604,confirmed_negative_filler
Z1668890115,confirmed_negative_filler
Z1104036105,confirmed_negative_filler
Z46159240,confirmed_negative_filler
Z1998439999,confirmed_negative_filler
Z787516522,confirmed_negative_filler
Z46327564,confirmed_negative_filler
Z69128902,confirmed_negative_filler
Z1175490377,confirmed_negative_filler
Z1669681212,confirmed_negative_filler
Z52745072,confirmed_negative_filler
